Label,Trial_ID,Time,S0,S1,S2,S3,S4
circular_plastic,1,0.0,2792237.94,3294807.56,10416790.71,11927849.92,13543583.07
circular_plastic,1,0.05,2792709.18,3269032.71,10480202.32,12002150.73,13451114.97
circular_plastic,1,0.1,2809829.91,3289816.74,10477203.02,11935699.83,13439208.97
circular_plastic,1,0.15,2813079.62,3291575.48,10410396.55,12010357.04,13524369.87
circular_plastic,1,0.2,2794082.0,3272846.07,10469862.88,11945754.5,13438577.56
circular_plastic,1,0.25,2812013.07,3274945.4,10485412.49,11938190.63,13442415.62
circular_plastic,1,0.3,2791209.55,3272402.08,10414075.59,11928160.17,13440177.98
circular_plastic,1,0.35,2792136.49,3274515.47,10474489.34,11930065.28,13439788.16
circular_plastic,1,0.4,2811353.45,3273661.99,10476864.72,12000666.37,13537405.59
circular_plastic,1,0.45,2808362.82,3292580.29,10474032.82,12010914.35,13527567.43
circular_plastic,1,0.5,2808223.89,3273743.13,10423012.43,12008135.89,13531494.17
circular_plastic,1,0.55,2810600.08,3271936.92,10478777.74,11928665.53,13534404.47
circular_plastic,1,0.6,2809676.79,3293305.38,10413846.92,12008049.45,13444596.37
circular_plastic,1,0.65,2809504.86,3291073.97,10485246.54,11931595.54,13540684.46
circular_plastic,1,0.7,2793847.27,3269323.8,10416914.95,11937869.97,13541411.43
circular_plastic,1,0.75,2811203.52,3291796.05,10411357.73,12010568.18,13521563.43
circular_plastic,1,0.8,2809851.51,3271060.12,10408412.71,12000446.73,13539816.74
circular_plastic,1,0.85,2795306.34,3294669.65,10419666.35,12011778.37,13442113.27
circular_plastic,1,0.9,2810064.45,3270293.48,10416479.04,11928786.04,13539386.57
circular_plastic,1,0.95,2796286.85,3294419.81,10410034.61,12006792.33,13535971.7
circular_plastic,1,1.0,2810196.55,3273120.45,10474045.72,11944308.27,13531441.9
circular_plastic,1,1.05,2811414.95,3293505.35,10486561.77,11935255.89,13462265.31
circular_plastic,1,1.1,2813464.31,3272013.96,10405023.06,11950586.88,13544557.54
circular_plastic,1,1.15,2809540.45,3290929.13,10469065.62,11950159.37,13538811.57
circular_plastic,1,1.2,2809312.2,3269335.31,10469099.49,12013031.75,13542524.36
circular_plastic,1,1.25,2812410.45,3292988.17,10483529.22,12004317.04,13439988.12
circular_plastic,1,1.3,2811982.84,3268979.07,10468505.86,11930208.46,13456660.11
circular_plastic,1,1.35,2794033.29,3289261.81,10483120.48,11944047.59,13451779.38
circular_plastic,1,1.4,2810730.0,3269029.53,10408398.19,11927258.75,13537743.69
circular_plastic,1,1.45,2791389.03,3294416.39,10471531.65,11944924.84,13457731.15
circular_plastic,1,1.5,2809660.64,3269721.76,10419368.97,11928866.12,13455606.72
circular_plastic,1,1.55,2792085.46,3289465.72,10419275.94,12022795.01,13529765.53
circular_plastic,1,1.6,2791630.1,3288587.48,10474253.76,12009765.21,13446072.11
circular_plastic,1,1.65,2808417.19,3289915.01,10417537.22,11932668.71,13444516.26
circular_plastic,1,1.7,2795865.98,3294222.31,10485065.63,11928163.02,13538312.81
circular_plastic,1,1.75,2812572.87,3290488.52,10482115.71,12017126.55,13535196.92
circular_plastic,1,1.8,2796370.59,3290486.66,10470376.39,11929377.46,13532900.67
circular_plastic,1,1.85,2812299.77,3269534.58,10478008.61,12017131.85,13544307.73
circular_plastic,1,1.9,2809221.47,3274747.89,10414471.17,11929729.73,13532610.66
circular_plastic,1,1.95,2810510.35,3272350.42,10467826.94,12009263.01,13438136.4
circular_plastic,2,2.0,2807828.35,3273779.54,10469004.36,12101473.29,13363164.78
circular_plastic,2,2.05,2824234.53,3268656.28,10475839.43,12105522.45,13360264.48
circular_plastic,2,2.1,2809533.92,3271849.56,10465304.15,12021798.88,13374269.5
circular_plastic,2,2.15,2824117.81,3292184.8,10519776.03,12018522.05,13441863.84
circular_plastic,2,2.2,2810249.63,3292375.67,10537107.39,12100269.95,13446277.64
circular_plastic,2,2.25,2806393.02,3290877.29,10536689.62,12083900.16,13437813.16
circular_plastic,2,2.3,2828563.42,3289881.96,10522926.26,12018973.21,13372233.88
circular_plastic,2,2.35,2808466.35,3289299.21,10537118.99,12085033.84,13363161.05
circular_plastic,2,2.4,2823608.19,3271276.78,10473205.28,12033212.28,13454511.77
circular_plastic,2,2.45,2807126.96,3293434.26,10533548.29,12101609.83,13437665.79
circular_plastic,2,2.5,2810590.25,3269886.02,10459193.87,12021691.4,13447466.9
circular_plastic,2,2.55,2809972.34,3293879.73,10456168.38,12032839.52,13445871.74
circular_plastic,2,2.6,2828756.54,3288750.77,10467826.01,12026035.29,13357572.7
circular_plastic,2,2.65,2809900.04,3294114.2,10459935.02,12097627.55,13456118.06
circular_plastic,2,2.7,2810592.26,3272974.48,10456702.55,12014531.73,13359856.13
circular_plastic,2,2.75,2825831.74,3288096.77,10471033.92,12096725.92,13353507.66
circular_plastic,2,2.8,2807519.86,3289848.07,10523543.41,12020330.1,13444051.22
circular_plastic,2,2.85,2825847.13,3270249.32,10536835.42,12084837.59,13352629.16
circular_plastic,2,2.9,2823286.5,3271672.51,10461753.41,12087330.69,13371696.18
circular_plastic,2,2.95,2827203.32,3291666.69,10461754.54,12093031.9,13443563.31
circular_plastic,2,3.0,2824218.72,3293174.71,10462611.93,12016141.42,13444410.71
circular_plastic,2,3.05,2808452.36,3291843.73,10468988.24,12012089.53,13351731.3
circular_plastic,2,3.1,2824477.68,3269954.1,10521996.06,12090157.54,13455866.51
circular_plastic,2,3.15,2824384.95,3269369.73,10463668.82,12015516.99,13366486.75
circular_plastic,2,3.2,2811276.55,3271291.96,10467614.42,12032854.79,13371529.02
circular_plastic,2,3.25,2808248.69,3288405.02,10467213.25,12105045.54,13374173.39
circular_plastic,2,3.3,2807537.64,3291199.77,10474163.87,12015975.24,13454922.53
circular_plastic,2,3.35,2827081.27,3272204.51,10474061.87,12095272.31,13432334.62
circular_plastic,2,3.4,2827492.97,3270636.14,10466489.75,12102689.72,13353604.88
circular_plastic,2,3.45,2826681.18,3271873.8,10534176.04,12033599.11,13454391.86
circular_plastic,2,3.5,2808251.33,3271611.08,10469693.14,12088486.79,13372163.93
circular_plastic,2,3.55,2827149.3,3289811.75,10467515.77,12014699.93,13443005.2
circular_plastic,2,3.6,2824806.4,3273975.22,10526236.4,12103801.0,13456894.1
circular_plastic,2,3.65,2808280.06,3273886.62,10522476.41,12015425.79,13373597.92
circular_plastic,2,3.7,2828850.46,3269665.35,10469963.99,12010576.33,13447252.82
circular_plastic,2,3.75,2828668.93,3274445.26,10463922.05,12029493.27,13449168.26
circular_plastic,2,3.8,2826295.72,3270509.1,10528045.15,12018006.04,13452561.01
circular_plastic,2,3.85,2809413.71,3270717.81,10467413.46,12015317.02,13376289.16
circular_plastic,2,3.9,2811486.44,3270722.3,10461541.37,12091190.51,13357682.24
circular_plastic,2,3.95,2810057.1,3288188.2,10533755.81,12098511.21,13453161.52
circular_plastic,3,4.0,2794052.9,3271353.06,10541422.29,12074042.47,13534318.79
circular_plastic,3,4.05,2793897.92,3273169.92,10474234.96,12005784.49,13460392.43
circular_plastic,3,4.1,2795605.7,3269920.5,10480533.53,12087567.44,13534825.19
circular_plastic,3,4.15,2796020.71,3272276.8,10476241.26,12003721.03,13461874.3
circular_plastic,3,4.2,2792752.26,3254645.67,10477523.0,12074145.52,13440935.23
circular_plastic,3,4.25,2811352.98,3254732.7,10473439.16,12078801.11,13543011.15
circular_plastic,3,4.3,2793506.69,3273036.62,10478800.88,12083421.22,13517924.98
circular_plastic,3,4.35,2812039.89,3250262.63,10470168.17,12092738.75,13540588.25
circular_plastic,3,4.4,2810452.4,3255188.94,10533543.82,12002454.87,13528075.84
circular_plastic,3,4.45,2794667.44,3253282.55,10483662.79,11998789.93,13533041.98
circular_plastic,3,4.5,2814797.68,3252779.17,10477482.4,12011377.46,13526640.94
circular_plastic,3,4.55,2797413.93,3249790.37,10480595.85,12072251.43,13534427.33
circular_plastic,3,4.6,2795109.7,3270035.13,10467605.53,12016139.16,13543559.77
circular_plastic,3,4.65,2811849.67,3249829.81,10534772.0,12084364.13,13439463.54
circular_plastic,3,4.7,2810954.89,3255244.35,10472553.06,12002029.32,13439504.33
circular_plastic,3,4.75,2798132.02,3271769.47,10530109.89,12007451.66,13536525.36
circular_plastic,3,4.8,2813845.1,3251851.97,10544248.3,11998891.38,13453953.89
circular_plastic,3,4.85,2811736.39,3275651.67,10530408.46,12009552.55,13441712.91
circular_plastic,3,4.9,2810830.84,3272636.32,10538052.78,12017821.44,13458369.34
circular_plastic,3,4.95,2814944.0,3271457.19,10547681.5,12004311.28,13449975.31
circular_plastic,3,5.0,2813587.01,3274011.74,10533890.37,12071839.68,13437572.62
circular_plastic,3,5.05,2814184.49,3270224.6,10478882.54,12093959.9,13460334.21
circular_plastic,3,5.1,2814707.61,3269722.27,10469615.33,12005651.33,13531627.02
circular_plastic,3,5.15,2796108.15,3251694.52,10534338.24,12081107.65,13544168.62
circular_plastic,3,5.2,2792784.06,3251900.66,10534577.76,12002465.5,13538066.94
circular_plastic,3,5.25,2813837.37,3253526.2,10467618.44,12089038.04,13531269.84
circular_plastic,3,5.3,2793605.96,3269674.86,10478192.85,12016778.83,13537980.43
circular_plastic,3,5.35,2796174.3,3271383.47,10477877.86,12076430.96,13447693.35
circular_plastic,3,5.4,2797385.81,3250343.52,10547355.91,12008311.34,13461364.85
circular_plastic,3,5.45,2811452.15,3253270.48,10528500.53,12009283.48,13449444.68
circular_plastic,3,5.5,2813220.13,3249676.67,10471989.8,12075239.48,13457981.14
circular_plastic,3,5.55,2793568.32,3269411.24,10536975.67,12075082.12,13535107.08
circular_plastic,3,5.6,2809659.56,3255453.84,10528397.81,12015579.49,13518202.33
circular_plastic,3,5.65,2813724.64,3254368.49,10535936.04,12085955.47,13458883.45
circular_plastic,3,5.7,2796014.44,3254626.82,10543815.84,12077806.24,13452219.03
circular_plastic,3,5.75,2814492.41,3254037.22,10543111.32,12006262.68,13522058.72
circular_plastic,3,5.8,2810170.12,3274410.73,10480972.5,12012926.66,13520931.27
circular_plastic,3,5.85,2813578.15,3269520.02,10544682.12,12008666.05,13532772.15
circular_plastic,3,5.9,2814321.17,3269905.55,10478766.1,12017459.08,13529233.82
circular_plastic,3,5.95,2794451.04,3275332.15,10544970.91,12017933.34,13538128.72
circular_plastic,4,6.0,2825706.56,3269624.71,10483793.7,11947981.72,13547006.86
circular_plastic,4,6.05,2826233.39,3286957.05,10406821.11,11946442.5,13541744.13
circular_plastic,4,6.1,2821346.29,3268602.29,10412451.15,11950111.21,13528197.28
circular_plastic,4,6.15,2807963.5,3290062.52,10480640.17,12020868.98,13520742.0
circular_plastic,4,6.2,2821889.96,3268516.99,10471240.6,12033477.66,13443033.63
circular_plastic,4,6.25,2808781.78,3269888.41,10414818.02,12027237.91,13441855.97
circular_plastic,4,6.3,2805213.21,3289351.62,10479624.85,11958508.66,13535725.66
circular_plastic,4,6.35,2808479.54,3289246.58,10417432.48,12024963.68,13529567.46
circular_plastic,4,6.4,2809438.19,3287732.91,10424257.53,11959051.34,13462280.13
circular_plastic,4,6.45,2825409.86,3270876.96,10486658.18,11948528.84,13523375.89
circular_plastic,4,6.5,2821363.71,3271573.19,10470333.4,11953701.11,13535978.71
circular_plastic,4,6.55,2807681.57,3287347.75,10415325.74,11946310.97,13452336.79
circular_plastic,4,6.6,2824872.04,3291584.48,10475952.94,12036140.42,13540094.03
circular_plastic,4,6.65,2824153.28,3271531.96,10411031.95,12019359.19,13540701.15
circular_plastic,4,6.7,2824696.75,3287986.77,10409828.65,12040614.39,13450978.01
circular_plastic,4,6.75,2808725.01,3290687.74,10468843.16,12023174.45,13440050.77
circular_plastic,4,6.8,2822126.29,3267203.78,10404179.17,12028661.05,13541476.68
circular_plastic,4,6.85,2804712.82,3288526.79,10412472.13,12032600.75,13453874.77
circular_plastic,4,6.9,2806811.61,3291574.18,10407020.47,11963960.34,13538304.91
circular_plastic,4,6.95,2807343.03,3289524.62,10468743.36,11956457.65,13533404.37
circular_plastic,4,7.0,2805451.67,3288235.69,10411900.69,12020364.48,13540120.55
circular_plastic,4,7.05,2824171.8,3291567.76,10481110.12,11946358.72,13463628.67
circular_plastic,4,7.1,2822150.31,3287741.29,10479977.93,11966651.52,13521635.99
circular_plastic,4,7.15,2809576.0,3285619.99,10474040.55,12035153.64,13458322.78
circular_plastic,4,7.2,2808945.61,3268517.04,10471013.05,11956480.68,13459268.05
circular_plastic,4,7.25,2806233.3,3289287.36,10410618.36,12034570.28,13439757.38
circular_plastic,4,7.3,2805736.76,3272313.7,10475453.42,11960810.99,13538343.72
circular_plastic,4,7.35,2822267.07,3290601.69,10482354.39,11964174.21,13463924.05
circular_plastic,4,7.4,2809829.18,3266770.82,10418866.24,12028403.85,13525440.25
circular_plastic,4,7.45,2807185.6,3287460.95,10424391.54,11951553.04,13546643.13
circular_plastic,4,7.5,2824502.99,3289715.56,10477994.62,11952244.43,13534995.01
circular_plastic,4,7.55,2826698.01,3268779.67,10471769.53,12019126.92,13445870.36
circular_plastic,4,7.6,2807666.44,3287064.41,10475576.53,11963421.42,13462912.17
circular_plastic,4,7.65,2807215.06,3289991.38,10483551.94,12032005.36,13535154.83
circular_plastic,4,7.7,2826338.68,3266660.26,10416465.16,11958692.0,13529090.16
circular_plastic,4,7.75,2807137.62,3268500.16,10408169.95,11955053.28,13525009.93
circular_plastic,4,7.8,2822509.04,3290843.5,10420600.85,12024393.99,13545306.16
circular_plastic,4,7.85,2805899.78,3287346.39,10415398.32,12029098.69,13541817.92
circular_plastic,4,7.9,2821802.4,3267126.98,10419546.4,12019774.38,13544588.88
circular_plastic,4,7.95,2808970.89,3287202.31,10412973.6,11946055.83,13455228.01
circular_plastic,5,8.0,2793790.52,3273231.1,10523768.18,12023030.9,13541816.14
circular_plastic,5,8.05,2796394.34,3274144.86,10523161.7,12017540.41,13540926.71
circular_plastic,5,8.1,2813273.0,3249640.37,10529293.87,12034987.72,13521194.92
circular_plastic,5,8.15,2796896.49,3268565.13,10529860.22,12093678.39,13452777.45
circular_plastic,5,8.2,2795272.64,3254329.17,10473416.83,12091437.36,13463047.55
circular_plastic,5,8.25,2809295.19,3268527.93,10467718.31,12038000.18,13524133.31
circular_plastic,5,8.3,2792081.93,3248335.5,10533262.91,12032623.23,13444628.58
circular_plastic,5,8.35,2813386.91,3248964.45,10480976.28,12112029.64,13521060.89
circular_plastic,5,8.4,2809896.4,3252105.81,10465220.87,12111421.76,13540621.2
circular_plastic,5,8.45,2795315.03,3251893.54,10543277.78,12095559.96,13464443.88
circular_plastic,5,8.5,2808833.09,3269167.77,10462881.15,12020916.72,13530895.27
circular_plastic,5,8.55,2797324.02,3251738.96,10537877.96,12021852.11,13526374.16
circular_plastic,5,8.6,2811759.13,3268791.37,10475048.8,12100463.15,13460262.34
circular_plastic,5,8.65,2794683.71,3252195.95,10541967.12,12019639.87,13519081.75
circular_plastic,5,8.7,2795781.72,3267918.05,10527912.73,12033561.81,13542988.29
circular_plastic,5,8.75,2796694.88,3249080.1,10523429.22,12017914.43,13542821.73
circular_plastic,5,8.8,2812260.68,3251550.41,10538472.47,12108437.5,13463511.9
circular_plastic,5,8.85,2814007.95,3249382.73,10536279.28,12097879.51,13537693.88
circular_plastic,5,8.9,2795253.46,3270364.04,10465144.11,12095108.26,13528176.63
circular_plastic,5,8.95,2809133.6,3271965.4,10527361.91,12025810.19,13540425.22
circular_plastic,5,9.0,2811677.89,3267987.13,10478295.85,12091476.93,13457781.43
circular_plastic,5,9.05,2811756.66,3269852.39,10541801.83,12023156.38,13544033.3
circular_plastic,5,9.1,2809115.71,3251485.17,10477391.12,12016807.55,13542582.55
circular_plastic,5,9.15,2812694.7,3249995.56,10468557.8,12028453.08,13543622.84
circular_plastic,5,9.2,2813358.84,3254517.55,10531224.92,12102975.12,13459184.13
circular_plastic,5,9.25,2811814.12,3248888.62,10540604.37,12037417.98,13458148.11
circular_plastic,5,9.3,2808847.03,3252477.13,10531430.13,12029337.72,13457164.73
circular_plastic,5,9.35,2793407.85,3251699.17,10467394.82,12106208.4,13455082.82
circular_plastic,5,9.4,2794641.95,3250705.57,10527626.98,12108933.81,13521168.21
circular_plastic,5,9.45,2809911.34,3249574.17,10463913.93,12029687.94,13447572.41
circular_plastic,5,9.5,2808836.17,3270291.5,10465220.79,12095333.1,13519734.68
circular_plastic,5,9.55,2813326.02,3273987.33,10479747.52,12034803.12,13439883.41
circular_plastic,5,9.6,2794288.26,3248937.53,10530850.99,12018302.95,13464710.14
circular_plastic,5,9.65,2792454.97,3251603.76,10465444.83,12039623.97,13537215.69
circular_plastic,5,9.7,2813180.44,3251992.58,10478906.08,12024661.31,13519748.03
circular_plastic,5,9.75,2811452.15,3254231.43,10479068.52,12107330.96,13447267.03
circular_plastic,5,9.8,2793056.24,3254021.15,10462466.02,12102199.72,13455255.89
circular_plastic,5,9.85,2795431.69,3272443.64,10536320.29,12029167.18,13459464.39
circular_plastic,5,9.9,2793485.05,3271520.16,10473347.5,12033009.14,13439598.89
circular_plastic,5,9.95,2810447.26,3273980.43,10478991.13,12026875.87,13464807.95
circular_plastic,6,10.0,2828775.74,3290230.01,10453975.8,12087349.16,13542289.71
circular_plastic,6,10.05,2826463.95,3271134.03,10530618.05,12073682.16,13449502.07
circular_plastic,6,10.1,2829591.06,3269144.87,10466510.8,12089238.27,13538840.42
circular_plastic,6,10.15,2814180.58,3287706.18,10530090.3,12083308.85,13445337.16
circular_plastic,6,10.2,2829216.96,3287212.12,10453178.78,12090359.27,13517552.73
circular_plastic,6,10.25,2828247.43,3271213.13,10458433.12,12014902.56,13528773.83
circular_plastic,6,10.3,2811697.7,3286094.39,10526409.5,12093820.82,13535565.71
circular_plastic,6,10.35,2830369.17,3289907.21,10461688.93,12009274.96,13531571.98
circular_plastic,6,10.4,2813840.78,3290594.36,10516552.01,12082773.73,13450740.64
circular_plastic,6,10.45,2809279.94,3290746.91,10525263.54,12009553.39,13542826.46
circular_plastic,6,10.5,2814098.64,3270976.08,10534403.86,12014247.76,13530488.77
circular_plastic,6,10.55,2808829.98,3291276.08,10470989.76,12086017.6,13449514.71
circular_plastic,6,10.6,2827204.8,3285905.98,10532182.3,12093818.54,13446019.76
circular_plastic,6,10.65,2810777.17,3269960.71,10527418.77,12084241.49,13532520.73
circular_plastic,6,10.7,2812487.54,3271419.54,10459798.83,12015186.4,13534155.7
circular_plastic,6,10.75,2812655.82,3266542.48,10522397.63,12096829.19,13442119.39
circular_plastic,6,10.8,2811634.73,3285042.82,10460685.6,12094352.39,13519737.12
circular_plastic,6,10.85,2829552.16,3287385.23,10521021.13,12018496.93,13460319.96
circular_plastic,6,10.9,2829782.74,3290643.2,10473391.0,12080040.66,13533273.51
circular_plastic,6,10.95,2826749.36,3268357.48,10471839.18,12013505.9,13451365.62
circular_plastic,6,11.0,2809636.27,3268286.25,10464245.27,12084073.17,13538047.74
circular_plastic,6,11.05,2809823.4,3287396.9,10521015.06,12015781.78,13535087.97
circular_plastic,6,11.1,2808742.83,3269852.28,10469659.51,12086534.24,13520255.29
circular_plastic,6,11.15,2829678.91,3285084.63,10535810.23,12005478.5,13446807.78
circular_plastic,6,11.2,2827232.63,3289520.9,10470676.05,12093196.72,13448808.9
circular_plastic,6,11.25,2825646.73,3268256.32,10471717.18,12021885.81,13437119.09
circular_plastic,6,11.3,2809479.66,3288850.58,10471774.33,12001944.8,13449013.9
circular_plastic,6,11.35,2826196.05,3285752.8,10468460.27,12081050.8,13454291.51
circular_plastic,6,11.4,2813395.69,3269033.17,10521965.09,12023094.03,13460494.79
circular_plastic,6,11.45,2809660.22,3286261.28,10456673.19,12080232.41,13461908.2
circular_plastic,6,11.5,2825760.8,3285089.17,10520068.86,12005800.84,13526380.86
circular_plastic,6,11.55,2809280.21,3265403.07,10468142.96,12091911.9,13525727.82
circular_plastic,6,11.6,2829051.63,3267777.47,10456769.17,12073012.78,13438823.76
circular_plastic,6,11.65,2828372.53,3287621.66,10456419.17,12005582.32,13459645.9
circular_plastic,6,11.7,2812196.51,3271404.5,10457024.66,12002368.43,13448559.33
circular_plastic,6,11.75,2811567.94,3284904.44,10461529.49,12073256.15,13440921.58
circular_plastic,6,11.8,2810041.84,3265949.92,10472403.52,12021255.26,13538761.05
circular_plastic,6,11.85,2810569.73,3268473.11,10526138.61,12076259.04,13538563.1
circular_plastic,6,11.9,2828673.16,3266835.56,10469223.24,12086427.28,13455024.8
circular_plastic,6,11.95,2827100.55,3267464.49,10532342.44,12019758.4,13455917.42
circular_plastic,7,12.0,2808361.78,3273347.35,10468986.88,11941368.95,13544173.96
circular_plastic,7,12.05,2809711.97,3270300.66,10474819.06,11946952.62,13543070.49
circular_plastic,7,12.1,2790583.88,3272142.57,10406248.79,11929229.86,13453395.94
circular_plastic,7,12.15,2807812.39,3272468.12,10409754.74,11933516.24,13548632.39
circular_plastic,7,12.2,2809132.01,3272007.22,10401310.62,12016292.26,13459655.9
circular_plastic,7,12.25,2808456.33,3294701.83,10407635.72,12002297.71,13465956.13
circular_plastic,7,12.3,2790367.19,3294631.36,10412068.98,12019317.48,13541334.89
circular_plastic,7,12.35,2791315.77,3273243.57,10397943.7,12009505.51,13469306.32
circular_plastic,7,12.4,2806576.67,3271673.69,10405635.26,12020615.88,13474296.41
circular_plastic,7,12.45,2792678.8,3292306.76,10472044.01,11945518.15,13471779.71
circular_plastic,7,12.5,2810217.54,3293589.19,10466192.9,11945507.0,13532376.16
circular_plastic,7,12.55,2789905.29,3292618.75,10469611.13,11939304.96,13535358.46
circular_plastic,7,12.6,2806306.62,3295039.46,10410055.09,12020127.44,13547221.36
circular_plastic,7,12.65,2809166.09,3294754.85,10408613.86,11947884.75,13531414.73
circular_plastic,7,12.7,2805180.73,3294245.41,10401066.21,12012753.77,13554980.6
circular_plastic,7,12.75,2789939.61,3292534.38,10473655.07,12009322.64,13541612.05
circular_plastic,7,12.8,2792201.14,3272723.86,10411112.65,11952300.67,13544942.85
circular_plastic,7,12.85,2788926.91,3291034.6,10403093.26,11938669.0,13540778.23
circular_plastic,7,12.9,2789418.49,3272629.22,10412428.91,12014639.35,13472689.61
circular_plastic,7,12.95,2810191.54,3293568.98,10403350.77,11932756.26,13543881.64
circular_plastic,7,13.0,2805301.68,3273585.37,10480743.51,11948719.51,13474370.53
circular_plastic,7,13.05,2805341.02,3275001.95,10411978.25,12008374.01,13449117.65
circular_plastic,7,13.1,2792836.36,3289016.87,10400460.12,11948173.95,13535142.6
circular_plastic,7,13.15,2807171.98,3274286.86,10472975.83,12014138.92,13546499.61
circular_plastic,7,13.2,2807415.15,3274282.49,10400869.73,12013774.63,13543838.96
circular_plastic,7,13.25,2789503.12,3270017.05,10480741.83,11945108.12,13535898.72
circular_plastic,7,13.3,2790917.14,3271197.17,10461722.17,12019370.79,13538645.87
circular_plastic,7,13.35,2790465.44,3290000.59,10405769.02,11947344.85,13472824.78
circular_plastic,7,13.4,2806711.38,3292762.63,10467026.72,11932931.17,13468834.47
circular_plastic,7,13.45,2805598.13,3274752.36,10405539.21,12013486.59,13550216.5
circular_plastic,7,13.5,2810263.63,3291582.25,10413164.78,12018284.41,13450539.43
circular_plastic,7,13.55,2805628.24,3270918.55,10466243.74,11938873.73,13462964.9
circular_plastic,7,13.6,2791440.04,3269469.45,10478585.62,12016451.95,13553790.73
circular_plastic,7,13.65,2789356.41,3271960.71,10463912.95,11948342.84,13545911.81
circular_plastic,7,13.7,2790339.68,3295064.77,10408552.34,12005649.83,13466208.66
circular_plastic,7,13.75,2808998.62,3289376.85,10415107.7,12014903.74,13471660.36
circular_plastic,7,13.8,2804947.0,3270955.64,10404468.77,11941980.14,13467493.31
circular_plastic,7,13.85,2804835.79,3293628.26,10401550.31,12023036.43,13473116.62
circular_plastic,7,13.9,2788328.01,3274105.19,10412890.85,11934292.45,13531488.31
circular_plastic,7,13.95,2790547.48,3271187.74,10463959.28,11940976.26,13547167.17
circular_plastic,8,14.0,2827770.59,3268162.31,10533167.25,12096959.8,13517028.36
circular_plastic,8,14.05,2825224.28,3248749.45,10470780.23,12019294.92,13524181.19
circular_plastic,8,14.1,2807934.3,3249913.71,10476960.24,12010239.77,13519240.37
circular_plastic,8,14.15,2827228.02,3248519.54,10531978.19,12030376.91,13450706.6
circular_plastic,8,14.2,2825453.0,3244614.8,10479271.09,12026704.8,13518351.3
circular_plastic,8,14.25,2829810.09,3245181.26,10538568.42,12082803.89,13426992.88
circular_plastic,8,14.3,2828572.99,3246929.17,10543010.96,12024737.27,13435120.0
circular_plastic,8,14.35,2825006.57,3250558.47,10542881.32,12080509.9,13430273.28
circular_plastic,8,14.4,2811418.95,3268148.71,10470512.64,12022195.63,13528777.13
circular_plastic,8,14.45,2829803.82,3268178.99,10546265.19,12012419.42,13448507.03
circular_plastic,8,14.5,2812167.46,3244811.1,10544166.08,12022239.65,13527637.15
circular_plastic,8,14.55,2811283.91,3269961.07,10472255.83,12096447.48,13533429.51
circular_plastic,8,14.6,2825481.27,3267420.43,10538833.89,12083114.98,13512337.46
circular_plastic,8,14.65,2811750.84,3246859.66,10470013.18,12016926.42,13526974.27
circular_plastic,8,14.7,2825963.0,3247735.21,10536198.59,12015611.93,13445210.34
circular_plastic,8,14.75,2828957.4,3249047.11,10530374.87,12091870.26,13524415.66
circular_plastic,8,14.8,2827220.31,3248937.8,10475635.47,12026656.89,13513222.84
circular_plastic,8,14.85,2807911.68,3267617.5,10483898.54,12102445.38,13519078.26
circular_plastic,8,14.9,2810826.5,3266569.59,10483889.86,12009107.82,13529945.52
circular_plastic,8,14.95,2827564.18,3247616.23,10547622.29,12014130.42,13448642.36
circular_plastic,8,15.0,2812200.69,3267967.5,10542021.0,12006865.77,13441278.21
circular_plastic,8,15.05,2829199.34,3270350.67,10541371.83,12086878.51,13449974.89
circular_plastic,8,15.1,2813352.98,3266998.63,10468196.17,12082860.8,13429018.41
circular_plastic,8,15.15,2810060.95,3267032.16,10473237.16,12087401.62,13514769.03
circular_plastic,8,15.2,2812930.15,3250727.29,10530940.63,12021058.95,13441611.84
circular_plastic,8,15.25,2829159.39,3264941.39,10471886.34,12016646.78,13439631.22
circular_plastic,8,15.3,2810049.98,3266401.47,10477836.2,12084591.9,13437381.21
circular_plastic,8,15.35,2811372.03,3268180.7,10542085.78,12101962.73,13533448.68
circular_plastic,8,15.4,2807789.42,3250308.85,10472309.98,12081737.61,13443212.06
circular_plastic,8,15.45,2809211.72,3264266.44,10543297.7,12094953.38,13526790.49
circular_plastic,8,15.5,2829716.01,3269017.6,10543569.47,12083054.46,13522742.46
circular_plastic,8,15.55,2808541.0,3245575.81,10467514.94,12098465.71,13517936.27
circular_plastic,8,15.6,2829230.68,3265941.66,10547640.77,12010720.16,13433631.97
circular_plastic,8,15.65,2809204.25,3246733.5,10477264.81,12097013.27,13442138.72
circular_plastic,8,15.7,2808422.94,3264289.24,10469072.24,12099290.0,13446294.16
circular_plastic,8,15.75,2826772.74,3248538.79,10469604.83,12080779.25,13512872.15
circular_plastic,8,15.8,2808061.64,3269392.47,10465439.46,12080520.91,13526991.36
circular_plastic,8,15.85,2808831.73,3267869.78,10474875.66,12101984.81,13530078.84
circular_plastic,8,15.9,2827803.13,3268769.83,10542853.09,12009036.15,13431053.02
circular_plastic,8,15.95,2826096.14,3270397.11,10479481.31,12020432.36,13520083.68
circular_plastic,9,16.0,2807393.78,3251564.52,10403509.52,12020228.98,13515334.17
circular_plastic,9,16.05,2809020.56,3269787.59,10464746.08,11934187.38,13455129.03
circular_plastic,9,16.1,2827098.3,3249178.65,10462261.1,12014523.14,13518879.51
circular_plastic,9,16.15,2825905.14,3271043.31,10411453.42,11933359.14,13517042.42
circular_plastic,9,16.2,2808991.19,3272011.49,10471633.17,11945997.16,13444907.36
circular_plastic,9,16.25,2808078.6,3266086.95,10472852.06,11938463.92,13529763.94
circular_plastic,9,16.3,2810308.41,3266478.34,10466214.67,12007835.0,13521998.32
circular_plastic,9,16.35,2807654.94,3247286.49,10396845.85,12008400.6,13450514.81
circular_plastic,9,16.4,2827308.74,3270215.13,10405987.75,12003735.13,13531955.21
circular_plastic,9,16.45,2809307.43,3246817.9,10466190.48,11998405.15,13519071.71
circular_plastic,9,16.5,2811965.8,3248309.16,10395144.69,11928570.02,13444924.7
circular_plastic,9,16.55,2807681.3,3269157.13,10466792.89,11939078.95,13449774.46
circular_plastic,9,16.6,2812121.84,3251518.38,10409468.47,11998922.99,13441409.26
circular_plastic,9,16.65,2807877.84,3268455.31,10462331.68,12016143.08,13524810.7
circular_plastic,9,16.7,2810504.42,3249289.94,10457850.21,11926599.8,13517512.11
circular_plastic,9,16.75,2826715.09,3248191.25,10467853.42,12005172.08,13515661.51
circular_plastic,9,16.8,2807168.34,3269576.41,10465710.82,11948760.06,13534733.34
circular_plastic,9,16.85,2809525.06,3267849.33,10406126.81,11997510.85,13436298.77
circular_plastic,9,16.9,2811565.71,3270549.96,10475932.16,11930117.97,13440732.48
circular_plastic,9,16.95,2811339.28,3247181.54,10396168.18,11941418.7,13527622.4
circular_plastic,9,17.0,2824334.49,3266535.2,10470895.79,12010668.06,13511238.71
circular_plastic,9,17.05,2812195.53,3252574.94,10399869.8,11998250.14,13446549.79
circular_plastic,9,17.1,2810515.52,3268647.55,10473499.32,11939784.37,13449895.65
circular_plastic,9,17.15,2827051.97,3271427.97,10465322.2,11934157.94,13448510.57
circular_plastic,9,17.2,2824640.27,3250303.09,10470180.02,11942730.27,13439154.72
circular_plastic,9,17.25,2809562.13,3247597.7,10402590.04,12008334.7,13510447.16
circular_plastic,9,17.3,2824281.61,3267025.23,10407702.54,12001790.65,13448288.07
circular_plastic,9,17.35,2809347.22,3250189.93,10461721.11,11943179.45,13438684.0
circular_plastic,9,17.4,2827072.11,3269321.5,10412962.93,12020914.55,13525995.83
circular_plastic,9,17.45,2825874.07,3268861.74,10401344.99,12017984.09,13530111.07
circular_plastic,9,17.5,2808309.53,3272191.23,10460999.52,11935235.01,13521460.39
circular_plastic,9,17.55,2826963.63,3249794.39,10457742.47,12001845.77,13526744.49
circular_plastic,9,17.6,2828791.7,3269842.61,10409511.03,11939195.39,13448397.12
circular_plastic,9,17.65,2808301.71,3267139.86,10412914.19,11925440.22,13535662.44
circular_plastic,9,17.7,2823896.43,3249618.35,10463215.82,11931811.9,13441654.92
circular_plastic,9,17.75,2811987.17,3251025.15,10398410.08,11932328.85,13512902.1
circular_plastic,9,17.8,2808371.11,3267402.14,10461688.44,12006591.01,13435321.1
circular_plastic,9,17.85,2808533.16,3267277.53,10395146.36,11938925.81,13446049.84
circular_plastic,9,17.9,2824461.53,3266413.05,10463521.09,11948717.71,13441701.6
circular_plastic,9,17.95,2826191.65,3267909.94,10466957.83,12001384.84,13450199.22
circular_plastic,10,18.0,2824376.18,3271712.3,10471406.76,11957190.28,13455146.37
circular_plastic,10,18.05,2807593.22,3275002.54,10456118.18,11941084.79,13355040.72
circular_plastic,10,18.1,2807640.99,3255345.75,10454270.2,12020942.91,13350249.06
circular_plastic,10,18.15,2821919.52,3256342.09,10525138.35,11944498.32,13359369.9
circular_plastic,10,18.2,2825711.28,3256346.06,10532373.56,12027517.89,13359712.24
circular_plastic,10,18.25,2808337.67,3275654.51,10459484.8,12017395.38,13369269.49
circular_plastic,10,18.3,2810184.87,3254646.9,10462307.44,11949067.62,13371794.69
circular_plastic,10,18.35,2821952.89,3273525.47,10464334.46,11948929.21,13363189.52
circular_plastic,10,18.4,2805137.14,3275540.98,10465052.22,12026523.45,13439730.27
circular_plastic,10,18.45,2824158.21,3272668.95,10463129.81,11945205.19,13351885.61
circular_plastic,10,18.5,2825637.04,3256131.95,10534872.37,11942789.47,13365469.84
circular_plastic,10,18.55,2826746.07,3274260.59,10532783.54,11953982.31,13443099.46
circular_plastic,10,18.6,2825212.69,3251801.77,10452616.64,11957120.69,13355410.14
circular_plastic,10,18.65,2824776.98,3270752.85,10470030.5,12020290.0,13439098.08
circular_plastic,10,18.7,2808932.13,3271800.67,10518192.27,12017356.51,13432998.57
circular_plastic,10,18.75,2809463.96,3270850.52,10471131.86,11948219.31,13372014.22
circular_plastic,10,18.8,2826150.54,3271073.09,10516617.98,11960326.54,13447104.05
circular_plastic,10,18.85,2822206.78,3253927.05,10530397.02,11954810.47,13440519.04
circular_plastic,10,18.9,2807578.92,3256384.08,10517070.72,12015112.0,13361648.53
circular_plastic,10,18.95,2823705.6,3253828.49,10461428.4,12015149.04,13362166.86
circular_plastic,10,19.0,2823669.36,3252070.38,10517844.19,11940094.02,13448352.76
circular_plastic,10,19.05,2824302.28,3251470.84,10452438.58,12021137.74,13443921.5
circular_plastic,10,19.1,2806948.79,3255940.03,10526740.03,11956737.36,13356687.26
circular_plastic,10,19.15,2824628.47,3255710.86,10535519.86,11939762.82,13441804.07
circular_plastic,10,19.2,2825188.4,3274966.45,10517365.22,12031850.81,13448999.05
circular_plastic,10,19.25,2807298.1,3252825.1,10529269.62,12011755.55,13354594.3
circular_plastic,10,19.3,2808389.24,3273901.5,10471722.58,11946610.8,13451952.48
circular_plastic,10,19.35,2810172.8,3254965.88,10464044.37,11957052.97,13437518.52
circular_plastic,10,19.4,2823255.77,3271478.38,10534470.32,12023952.67,13368486.34
circular_plastic,10,19.45,2825209.79,3250432.87,10452644.31,11953102.24,13370397.93
circular_plastic,10,19.5,2821925.7,3274353.1,10458800.28,12025318.23,13449978.65
circular_plastic,10,19.55,2824194.98,3273679.06,10468311.22,11955328.69,13361187.89
circular_plastic,10,19.6,2804919.13,3250794.88,10533632.84,11938276.1,13363964.78
circular_plastic,10,19.65,2826203.14,3273347.23,10472418.59,11951018.21,13435766.93
circular_plastic,10,19.7,2824140.39,3273782.68,10516058.6,12009932.57,13448160.85
circular_plastic,10,19.75,2807836.98,3271725.1,10524053.99,11939147.19,13435943.28
circular_plastic,10,19.8,2822970.93,3251213.42,10451977.1,11940587.26,13431260.75
circular_plastic,10,19.85,2805293.63,3269880.83,10456155.94,12029808.62,13447427.83
circular_plastic,10,19.9,2809468.13,3270655.82,10517661.37,11939104.68,13436369.75
circular_plastic,10,19.95,2822837.57,3255550.81,10463415.34,12018656.6,13354335.81
circular_plastic,11,20.0,2827250.07,3250970.04,10461814.13,12099002.82,13350588.2
circular_plastic,11,20.05,2810767.46,3250987.94,10407908.76,12029345.76,13451685.39
circular_plastic,11,20.1,2814131.81,3264675.95,10396155.32,12104043.01,13351933.45
circular_plastic,11,20.15,2832483.18,3269755.97,10402157.37,12037476.4,13434302.78
circular_plastic,11,20.2,2831256.34,3250056.54,10406927.17,12025354.9,13371675.68
circular_plastic,11,20.25,2812825.42,3270499.67,10452260.17,12101243.51,13439855.06
circular_plastic,11,20.3,2830397.47,3248772.79,10390437.65,12021486.44,13364882.48
circular_plastic,11,20.35,2811238.66,3270637.94,10404293.15,12031822.25,13366316.32
circular_plastic,11,20.4,2810504.59,3264673.08,10409553.64,12111978.12,13369191.05
circular_plastic,11,20.45,2814447.87,3248551.96,10472699.28,12038200.2,13351138.9
circular_plastic,11,20.5,2811158.09,3270764.59,10406256.36,12031250.69,13451055.09
circular_plastic,11,20.55,2811485.06,3245733.63,10395805.68,12034106.94,13432096.5
circular_plastic,11,20.6,2831367.11,3246977.05,10397660.53,12101183.43,13455967.24
circular_plastic,11,20.65,2815140.83,3267078.66,10470975.98,12092082.14,13435385.79
circular_plastic,11,20.7,2829504.48,3270785.11,10465558.68,12037841.91,13356317.06
circular_plastic,11,20.75,2831075.36,3245648.95,10463521.51,12036635.62,13350582.07
circular_plastic,11,20.8,2812205.02,3249072.03,10463159.22,12091876.34,13434190.76
circular_plastic,11,20.85,2810550.4,3269715.23,10394735.5,12038770.27,13364170.99
circular_plastic,11,20.9,2832484.24,3267618.3,10464770.41,12023575.26,13431961.98
circular_plastic,11,20.95,2809993.93,3245717.15,10471921.5,12018846.99,13434906.67
circular_plastic,11,21.0,2815229.86,3245308.3,10398195.26,12022734.79,13363417.95
circular_plastic,11,21.05,2815369.89,3249272.25,10394524.31,12092018.85,13450151.71
circular_plastic,11,21.1,2811953.03,3245050.86,10405017.56,12028275.33,13357567.68
circular_plastic,11,21.15,2829157.74,3269703.8,10462311.51,12037310.29,13432123.83
circular_plastic,11,21.2,2814353.03,3267211.22,10452623.29,12110342.44,13431349.51
circular_plastic,11,21.25,2811435.26,3250521.77,10454441.49,12110080.07,13376144.94
circular_plastic,11,21.3,2812936.96,3248035.4,10470287.4,12037789.84,13441168.61
circular_plastic,11,21.35,2814309.87,3248927.18,10471902.14,12093499.12,13365787.95
circular_plastic,11,21.4,2828487.86,3246887.74,10472562.52,12029959.76,13456769.79
circular_plastic,11,21.45,2811932.59,3267151.71,10399341.48,12108973.8,13374621.59
circular_plastic,11,21.5,2812987.21,3267488.86,10456760.1,12092863.55,13431328.33
circular_plastic,11,21.55,2829065.97,3268085.22,10466979.56,12091008.46,13450541.75
circular_plastic,11,21.6,2813349.7,3245734.55,10468757.81,12039800.39,13447857.97
circular_plastic,11,21.65,2827095.15,3266534.58,10466625.84,12035715.27,13431303.27
circular_plastic,11,21.7,2811347.56,3266177.52,10398851.87,12041134.62,13372352.83
circular_plastic,11,21.75,2812914.1,3268492.37,10399432.53,12020192.37,13364228.69
circular_plastic,11,21.8,2815048.35,3246618.48,10471138.54,12106559.25,13455117.13
circular_plastic,11,21.85,2813348.71,3248007.38,10391036.88,12106225.19,13376683.26
circular_plastic,11,21.9,2831385.89,3270000.09,10399056.24,12034775.63,13376394.92
circular_plastic,11,21.95,2828426.01,3246037.38,10452560.53,12019189.17,13375255.03
circular_plastic,12,22.0,2796132.45,3253040.84,10471212.63,12090087.88,13347377.79
circular_plastic,12,22.05,2797012.41,3275312.48,10467458.55,12096025.92,13361807.68
circular_plastic,12,22.1,2812122.56,3274533.07,10474018.51,12014787.3,13433349.99
circular_plastic,12,22.15,2796583.96,3250506.16,10539925.14,12022889.17,13430710.87
circular_plastic,12,22.2,2795481.01,3253623.09,10542032.7,12105416.96,13360574.01
circular_plastic,12,22.25,2793999.32,3251512.03,10476196.01,12030905.54,13448716.22
circular_plastic,12,22.3,2809355.43,3250906.29,10539765.34,12090844.98,13368609.5
circular_plastic,12,22.35,2810380.0,3251823.59,10543258.97,12024902.75,13443660.31
circular_plastic,12,22.4,2796561.31,3275755.26,10475126.28,12082647.29,13443055.52
circular_plastic,12,22.45,2808616.45,3255053.46,10542119.42,12095082.58,13448038.05
circular_plastic,12,22.5,2809076.29,3254036.33,10484402.96,12088978.56,13347866.0
circular_plastic,12,22.55,2809688.6,3255347.36,10474048.0,12027402.96,13351141.3
circular_plastic,12,22.6,2810452.05,3270835.11,10469374.68,12026702.21,13357824.96
circular_plastic,12,22.65,2793598.56,3252013.58,10549930.26,12089382.39,13436796.42
circular_plastic,12,22.7,2792099.04,3256044.16,10542495.8,12016783.25,13363969.61
circular_plastic,12,22.75,2811739.96,3251856.75,10540916.39,12025306.44,13349766.74
circular_plastic,12,22.8,2812352.63,3269920.11,10541653.96,12015183.51,13452892.78
circular_plastic,12,22.85,2811382.2,3275608.71,10467649.1,12088359.71,13439017.56
circular_plastic,12,22.9,2813007.74,3272911.31,10538418.99,12081838.74,13449919.62
circular_plastic,12,22.95,2796490.02,3252491.64,10488023.85,12103827.66,13371983.87
circular_plastic,12,23.0,2811974.38,3254570.11,10471615.24,12023961.74,13449160.59
circular_plastic,12,23.05,2796169.24,3272078.08,10476179.54,12016190.25,13437190.41
circular_plastic,12,23.1,2794376.15,3252125.44,10482980.78,12102208.5,13451764.77
circular_plastic,12,23.15,2808465.51,3256452.15,10544665.22,12087292.0,13362356.33
circular_plastic,12,23.2,2809205.48,3272383.83,10551061.81,12105419.55,13437564.51
circular_plastic,12,23.25,2812356.04,3250538.44,10536684.56,12012001.11,13448596.41
circular_plastic,12,23.3,2813080.57,3251551.36,10547763.03,12098529.86,13446540.83
circular_plastic,12,23.35,2791666.77,3270044.0,10484857.75,12082881.67,13364101.28
circular_plastic,12,23.4,2793225.74,3276169.1,10480251.48,12032262.19,13434475.87
circular_plastic,12,23.45,2795210.83,3252186.3,10474452.98,12026208.22,13446005.52
circular_plastic,12,23.5,2794648.37,3274262.75,10537367.01,12016318.68,13427682.97
circular_plastic,12,23.55,2794349.29,3251832.84,10543771.22,12017069.55,13358317.98
circular_plastic,12,23.6,2812824.27,3254884.61,10487696.89,12087897.01,13354909.66
circular_plastic,12,23.65,2810302.33,3272752.7,10468707.94,12096001.64,13369730.17
circular_plastic,12,23.7,2813784.49,3252211.39,10542061.49,12030292.74,13429160.28
circular_plastic,12,23.75,2813069.99,3250445.13,10481450.51,12104510.73,13448243.84
circular_plastic,12,23.8,2808630.05,3256729.25,10471849.81,12025445.11,13437866.86
circular_plastic,12,23.85,2808594.79,3254002.76,10547230.12,12097779.02,13438953.14
circular_plastic,12,23.9,2808627.12,3253666.45,10545325.61,12026720.79,13444555.4
circular_plastic,12,23.95,2791820.75,3255542.76,10548627.55,12015336.31,13430093.4
circular_plastic,13,24.0,2825569.54,3289628.87,10415749.33,11954225.68,13514570.69
circular_plastic,13,24.05,2809144.72,3267641.48,10481229.65,11949841.3,13534598.27
circular_plastic,13,24.1,2809966.82,3267606.57,10401395.88,11934503.11,13538068.94
circular_plastic,13,24.15,2825901.08,3265315.73,10468921.54,11949333.37,13517255.61
circular_plastic,13,24.2,2807604.42,3264790.57,10405593.11,12010063.88,13446091.65
circular_plastic,13,24.25,2810114.58,3264257.1,10405999.42,12009008.76,13435239.62
circular_plastic,13,24.3,2807280.77,3265839.19,10402248.29,12021458.42,13532518.06
circular_plastic,13,24.35,2810053.52,3285214.36,10412640.27,12011161.31,13440860.63
circular_plastic,13,24.4,2806234.33,3266225.09,10409671.29,12007066.38,13528857.92
circular_plastic,13,24.45,2824535.34,3268644.04,10405649.09,12014711.24,13438450.05
circular_plastic,13,24.5,2805553.81,3266852.34,10412307.73,12025721.85,13432742.39
circular_plastic,13,24.55,2807378.14,3286838.37,10419114.54,12019640.11,13525719.55
circular_plastic,13,24.6,2806121.87,3286907.73,10465040.7,12022314.65,13440358.13
circular_plastic,13,24.65,2810484.11,3287480.46,10401615.91,12022736.33,13448179.01
circular_plastic,13,24.7,2805052.78,3287834.22,10477709.93,11950372.11,13436427.03
circular_plastic,13,24.75,2809849.68,3286887.66,10470341.71,12026301.42,13522350.0
circular_plastic,13,24.8,2805586.2,3286201.65,10406983.0,11942733.88,13514262.09
circular_plastic,13,24.85,2826952.49,3266402.08,10466179.9,12009237.14,13536539.19
circular_plastic,13,24.9,2825497.72,3287374.86,10465515.98,11952636.43,13435408.67
circular_plastic,13,24.95,2809600.61,3264954.97,10474086.78,12005179.66,13518572.24
circular_plastic,13,25.0,2806457.42,3267625.55,10399605.94,11933827.23,13452944.86
circular_plastic,13,25.05,2810023.78,3269332.0,10469419.08,12012061.27,13449892.27
circular_plastic,13,25.1,2808947.07,3266225.39,10417767.49,11939489.34,13443982.16
circular_plastic,13,25.15,2806996.23,3288480.1,10466278.74,12025586.26,13532743.23
circular_plastic,13,25.2,2806597.95,3286372.86,10462541.22,11952853.41,13451861.27
circular_plastic,13,25.25,2808132.12,3268283.32,10482655.26,12022723.65,13454432.77
circular_plastic,13,25.3,2823687.06,3266937.67,10409739.01,12009875.9,13442439.01
circular_plastic,13,25.35,2806057.42,3289447.07,10418618.66,12005640.52,13524640.95
circular_plastic,13,25.4,2809459.39,3267801.19,10413665.07,11933341.63,13521047.29
circular_plastic,13,25.45,2823490.28,3269785.33,10478527.76,11944524.32,13445934.78
circular_plastic,13,25.5,2824915.74,3285747.78,10474150.54,12025832.08,13438486.63
circular_plastic,13,25.55,2808702.36,3264344.76,10415341.1,11954940.81,13524090.38
circular_plastic,13,25.6,2822714.1,3286009.57,10412901.8,11949166.1,13437887.57
circular_plastic,13,25.65,2806728.1,3284246.71,10415579.35,12017627.75,13434924.8
circular_plastic,13,25.7,2806836.86,3268566.76,10404981.23,12023809.43,13444476.91
circular_plastic,13,25.75,2810405.36,3265751.05,10478610.33,12020382.03,13447082.2
circular_plastic,13,25.8,2824727.1,3264035.69,10473448.53,11951066.23,13513429.15
circular_plastic,13,25.85,2806773.24,3288995.79,10480382.9,11942133.32,13450331.99
circular_plastic,13,25.9,2822492.11,3266917.29,10466473.33,12024080.82,13454762.44
circular_plastic,13,25.95,2826271.57,3266022.37,10402990.84,12012799.02,13515437.27
circular_plastic,14,26.0,2794693.91,3273099.55,10396749.37,12019655.15,13462502.71
circular_plastic,14,26.05,2811327.27,3271448.7,10405888.3,12008468.6,13381052.46
circular_plastic,14,26.1,2798237.24,3274926.82,10403121.0,11949822.0,13372216.78
circular_plastic,14,26.15,2795321.51,3291157.95,10457117.28,12003198.11,13362917.36
circular_plastic,14,26.2,2812635.95,3290329.86,10463647.95,11930299.37,13454032.68
circular_plastic,14,26.25,2810296.94,3293991.14,10392743.64,12007225.61,13439486.03
circular_plastic,14,26.3,2794666.73,3290504.12,10406011.02,11932020.87,13439919.02
circular_plastic,14,26.35,2810219.57,3294960.0,10459182.62,12005717.64,13453891.88
circular_plastic,14,26.4,2813412.97,3288569.48,10463659.94,11950795.52,13452415.04
circular_plastic,14,26.45,2809957.22,3270739.76,10460672.47,11935801.27,13360487.47
circular_plastic,14,26.5,2810597.7,3270044.75,10458304.98,11942724.51,13366106.7
circular_plastic,14,26.55,2795978.8,3292021.71,10400489.49,12007460.01,13441971.9
circular_plastic,14,26.6,2796085.82,3270421.94,10461165.8,11947983.39,13361097.42
circular_plastic,14,26.65,2812340.75,3292418.8,10465983.67,11934897.93,13451883.21
circular_plastic,14,26.7,2795354.61,3272850.97,10400237.83,11940016.4,13370464.95
circular_plastic,14,26.75,2809998.42,3271166.99,10399369.41,11949463.5,13444271.84
circular_plastic,14,26.8,2798003.48,3270437.7,10468356.4,12001712.92,13451494.35
circular_plastic,14,26.85,2810467.98,3292842.32,10401723.5,11951421.31,13442843.92
circular_plastic,14,26.9,2794578.03,3294805.04,10412563.02,11951152.08,13382497.26
circular_plastic,14,26.95,2811723.45,3289930.4,10394453.24,12020212.91,13447821.85
circular_plastic,14,27.0,2798332.75,3289722.61,10409791.37,12003263.56,13377263.66
circular_plastic,14,27.05,2812427.0,3294190.75,10456272.65,12020655.95,13445087.95
circular_plastic,14,27.1,2809723.58,3269582.17,10471305.35,12008571.52,13451664.5
circular_plastic,14,27.15,2792918.76,3292524.77,10410482.56,12018372.42,13368389.25
circular_plastic,14,27.2,2797723.77,3273114.46,10471041.81,12006846.24,13362316.71
circular_plastic,14,27.25,2794107.63,3290784.55,10463148.77,12016274.02,13377602.84
circular_plastic,14,27.3,2811946.87,3272449.31,10392317.94,11934751.71,13361941.8
circular_plastic,14,27.35,2798287.01,3292262.87,10407353.95,11945481.99,13460648.78
circular_plastic,14,27.4,2812328.32,3269597.09,10402907.11,12008458.56,13377330.73
circular_plastic,14,27.45,2812520.35,3269016.47,10459986.59,11947184.03,13445113.15
circular_plastic,14,27.5,2809863.74,3274229.88,10459720.0,11947820.82,13456717.54
circular_plastic,14,27.55,2797835.39,3269291.5,10410667.03,12006230.29,13441995.63
circular_plastic,14,27.6,2811519.64,3269713.77,10398791.48,12024560.05,13461802.59
circular_plastic,14,27.65,2810632.18,3294410.66,10409548.02,12008722.64,13377845.32
circular_plastic,14,27.7,2794027.99,3291383.0,10408897.2,11936625.32,13364576.41
circular_plastic,14,27.75,2798326.4,3268894.56,10473701.88,11946662.96,13373315.52
circular_plastic,14,27.8,2810600.79,3290964.16,10463898.72,11938073.63,13460561.61
circular_plastic,14,27.85,2812260.62,3289784.27,10461810.52,11947340.21,13357689.6
circular_plastic,14,27.9,2797692.01,3294486.97,10397982.76,11930691.87,13456394.84
circular_plastic,14,27.95,2811713.47,3271187.62,10457543.81,12003232.02,13452676.95
circular_plastic,15,28.0,2827714.24,3273705.73,10535571.49,12004754.36,13452080.88
circular_plastic,15,28.05,2828757.05,3252738.46,10480134.04,12074371.7,13362909.93
circular_plastic,15,28.1,2828523.5,3271634.67,10463674.39,11998864.96,13356263.21
circular_plastic,15,28.15,2826780.19,3273968.95,10464858.87,12004203.43,13434866.95
circular_plastic,15,28.2,2831254.29,3250816.12,10475379.45,12004075.52,13438583.84
circular_plastic,15,28.25,2829192.33,3274384.14,10525828.58,12078009.5,13456677.24
circular_plastic,15,28.3,2813571.69,3271998.89,10472225.04,12083798.22,13446433.69
circular_plastic,15,28.35,2829025.29,3253831.06,10475424.86,12009227.92,13435526.05
circular_plastic,15,28.4,2828764.44,3275186.54,10528964.43,12076811.52,13436259.52
circular_plastic,15,28.45,2829284.68,3256164.27,10469177.1,12091819.41,13458740.63
circular_plastic,15,28.5,2830933.0,3255133.61,10532807.06,12021367.26,13455121.65
circular_plastic,15,28.55,2826334.29,3251246.88,10540942.91,12013502.94,13447066.06
circular_plastic,15,28.6,2812542.68,3272204.27,10475664.56,12091215.94,13448820.11
circular_plastic,15,28.65,2826991.23,3254352.49,10473215.8,12008035.24,13353161.98
circular_plastic,15,28.7,2810284.26,3274163.85,10470929.76,12071587.05,13361002.54
circular_plastic,15,28.75,2812816.51,3250330.49,10533790.39,12093192.11,13365367.83
circular_plastic,15,28.8,2829600.42,3275797.29,10469524.34,12008501.37,13442048.77
circular_plastic,15,28.85,2814598.25,3274619.66,10466005.12,12003005.49,13372788.44
circular_plastic,15,28.9,2827690.11,3251647.05,10469165.81,11998868.89,13360331.94
circular_plastic,15,28.95,2813206.86,3253927.64,10532930.35,12013701.16,13369561.28
circular_plastic,15,29.0,2814196.12,3253081.74,10475720.98,12001910.81,13448620.3
circular_plastic,15,29.05,2826462.46,3275720.02,10473277.38,12077395.12,13432958.76
circular_plastic,15,29.1,2828819.85,3274925.8,10525366.23,12074211.63,13369096.08
circular_plastic,15,29.15,2828094.75,3271338.63,10530632.67,12086036.68,13456243.01
circular_plastic,15,29.2,2811737.68,3254082.86,10470043.29,12019185.51,13449895.59
circular_plastic,15,29.25,2811130.49,3270600.29,10476648.4,12075115.87,13372746.57
circular_plastic,15,29.3,2810261.85,3274113.17,10480867.38,12012470.91,13370973.75
circular_plastic,15,29.35,2812236.6,3273605.14,10469531.57,12009005.21,13371492.86
circular_plastic,15,29.4,2827439.36,3254818.5,10478170.81,12009392.21,13445845.95
circular_plastic,15,29.45,2826245.26,3255009.77,10545079.09,12014627.7,13444860.62
circular_plastic,15,29.5,2810784.97,3272993.98,10468519.32,12011462.16,13454799.71
circular_plastic,15,29.55,2831819.33,3273386.32,10466273.81,12007700.05,13371564.56
circular_plastic,15,29.6,2812378.64,3275512.32,10462486.44,12085853.9,13455103.33
circular_plastic,15,29.65,2830517.03,3271509.77,10532204.84,12011717.54,13364428.93
circular_plastic,15,29.7,2826398.86,3251704.46,10524586.9,12019684.42,13377392.52
circular_plastic,15,29.75,2814355.12,3271673.29,10479529.14,12085507.8,13354972.99
circular_plastic,15,29.8,2827185.59,3274715.23,10527933.13,11999653.24,13368189.2
circular_plastic,15,29.85,2827779.05,3273608.23,10530700.91,12079879.09,13433233.98
circular_plastic,15,29.9,2811317.72,3254324.69,10539778.75,12070724.09,13437656.1
circular_plastic,15,29.95,2813652.29,3254536.62,10536466.85,12087816.78,13362249.45
circular_plastic,16,30.0,2796096.43,3267976.82,10476613.32,12091466.31,13371756.57
circular_plastic,16,30.05,2795551.45,3248470.89,10467605.04,12000432.73,13442710.56
circular_plastic,16,30.1,2810147.59,3254390.29,10465234.36,12094198.11,13384379.36
circular_plastic,16,30.15,2796791.09,3249729.77,10468563.59,12006696.74,13364991.03
circular_plastic,16,30.2,2812382.49,3272530.95,10459106.03,12075703.62,13379059.88
circular_plastic,16,30.25,2812997.62,3248515.95,10459934.65,12072475.15,13384872.35
circular_plastic,16,30.3,2796284.91,3273548.6,10461367.98,12003249.32,13451666.22
circular_plastic,16,30.35,2814963.79,3268674.4,10412773.07,12006082.5,13368124.52
circular_plastic,16,30.4,2792879.0,3249234.21,10476385.74,12022003.66,13363967.72
circular_plastic,16,30.45,2813680.6,3253305.32,10462021.0,12016870.12,13383877.46
circular_plastic,16,30.5,2811534.86,3269620.9,10396629.06,12073406.1,13378011.38
circular_plastic,16,30.55,2812456.02,3271480.44,10405948.49,12078410.42,13364282.46
circular_plastic,16,30.6,2811544.79,3254111.64,10401303.48,12079325.17,13456920.54
circular_plastic,16,30.65,2811156.14,3267474.96,10460889.04,12078749.52,13378678.54
circular_plastic,16,30.7,2795369.38,3272877.65,10406259.5,12021163.25,13454051.84
circular_plastic,16,30.75,2792709.47,3252175.38,10398458.91,12018619.91,13454272.17
circular_plastic,16,30.8,2813486.45,3272574.99,10403633.38,12092851.73,13447353.5
circular_plastic,16,30.85,2797819.39,3268897.91,10409892.02,12015716.04,13444729.01
circular_plastic,16,30.9,2813092.48,3269822.94,10466534.73,12001213.04,13384817.24
circular_plastic,16,30.95,2797077.1,3269984.01,10397210.61,12091356.09,13387808.44
circular_plastic,16,31.0,2811652.74,3273076.05,10401288.44,12084372.81,13379588.9
circular_plastic,16,31.05,2797172.87,3251513.94,10461639.77,12009032.66,13375376.78
circular_plastic,16,31.1,2813862.67,3253840.21,10403187.31,12008636.75,13441879.03
circular_plastic,16,31.15,2796274.5,3251464.38,10476183.31,12004904.89,13370761.32
circular_plastic,16,31.2,2809548.64,3271974.9,10409695.63,12021723.67,13372656.01
circular_plastic,16,31.25,2797178.64,3273171.2,10463931.75,12003178.02,13387501.6
circular_plastic,16,31.3,2792978.03,3248585.26,10415895.83,12017677.79,13362650.26
circular_plastic,16,31.35,2813245.75,3251287.08,10415036.64,12007781.97,13462076.83
circular_plastic,16,31.4,2813147.58,3250615.67,10401284.49,12023292.98,13379164.36
circular_plastic,16,31.45,2812500.5,3252693.13,10459278.03,12090526.14,13462978.86
circular_plastic,16,31.5,2793243.26,3271421.56,10415838.12,12081513.43,13466431.23
circular_plastic,16,31.55,2795129.21,3270555.55,10396663.6,12016318.54,13444308.38
circular_plastic,16,31.6,2795413.11,3273095.46,10410645.71,12010088.31,13376302.1
circular_plastic,16,31.65,2796972.54,3269090.2,10400150.88,12093461.36,13444890.23
circular_plastic,16,31.7,2811694.68,3249404.06,10411645.7,12001293.76,13364192.33
circular_plastic,16,31.75,2809622.22,3269126.08,10470480.98,12085907.1,13443677.69
circular_plastic,16,31.8,2796803.71,3268159.87,10467467.87,12023592.12,13372593.85
circular_plastic,16,31.85,2811489.96,3248149.25,10410066.25,12005897.46,13447667.01
circular_plastic,16,31.9,2797674.9,3249020.53,10397994.91,12014723.44,13380106.76
circular_plastic,16,31.95,2796649.16,3273164.83,10411025.18,12010471.35,13380849.79
circular_plastic,17,32.0,2828210.42,3269115.73,10474802.37,11928390.89,13441690.3
circular_plastic,17,32.05,2828691.39,3270012.72,10523351.05,11925525.98,13445490.62
circular_plastic,17,32.1,2829459.45,3249746.89,10526101.3,12004993.5,13520084.58
circular_plastic,17,32.15,2829599.04,3268429.56,10479912.29,11930865.9,13534852.62
circular_plastic,17,32.2,2808158.56,3244466.89,10471439.91,11940697.26,13453615.97
circular_plastic,17,32.25,2830287.75,3267935.31,10465675.52,11932666.11,13441817.71
circular_plastic,17,32.3,2828485.2,3266640.35,10541301.22,12015619.86,13538996.24
circular_plastic,17,32.35,2808179.17,3268068.46,10462957.1,12003715.79,13534109.35
circular_plastic,17,32.4,2810985.83,3246043.89,10477306.48,12016245.28,13513000.97
circular_plastic,17,32.45,2808813.8,3268906.41,10459634.09,11939693.42,13530768.76
circular_plastic,17,32.5,2828839.22,3246498.45,10522471.35,12008749.23,13524873.95
circular_plastic,17,32.55,2825099.51,3270189.75,10461436.57,12015546.98,13436381.13
circular_plastic,17,32.6,2812347.28,3264649.16,10460597.99,12014569.64,13513259.09
circular_plastic,17,32.65,2824853.34,3246882.22,10526812.96,11937095.2,13519891.62
circular_plastic,17,32.7,2825185.27,3246020.82,10475181.6,11931035.0,13445862.35
circular_plastic,17,32.75,2813343.81,3248586.79,10467318.4,12010938.7,13530063.62
circular_plastic,17,32.8,2808165.75,3244801.93,10542686.19,12002748.77,13439942.69
circular_plastic,17,32.85,2826388.91,3267232.61,10467857.09,11940835.78,13518999.97
circular_plastic,17,32.9,2828164.84,3264843.75,10465104.06,11938942.31,13447328.2
circular_plastic,17,32.95,2810700.18,3246685.33,10459651.44,12009422.12,13531935.24
circular_plastic,17,33.0,2827702.16,3264845.0,10531758.29,12009014.23,13530531.73
circular_plastic,17,33.05,2827511.47,3268072.6,10542908.45,11926963.64,13454133.86
circular_plastic,17,33.1,2808742.31,3249183.66,10472402.69,11944439.59,13520748.31
circular_plastic,17,33.15,2808686.9,3268713.1,10534023.01,12001231.31,13521433.78
circular_plastic,17,33.2,2826380.83,3246665.12,10470674.52,12008332.01,13440216.6
circular_plastic,17,33.25,2808026.89,3264875.61,10479860.83,12015850.54,13539095.75
circular_plastic,17,33.3,2811494.15,3268754.15,10477608.62,11935165.73,13440896.62
circular_plastic,17,33.35,2811595.58,3270464.57,10543067.95,11931752.0,13532766.98
circular_plastic,17,33.4,2812840.74,3245348.21,10462023.27,11945139.04,13530654.3
circular_plastic,17,33.45,2829882.71,3249147.4,10462877.45,11925008.85,13453509.39
circular_plastic,17,33.5,2827554.72,3246897.64,10459789.44,12020548.56,13532296.54
circular_plastic,17,33.55,2825056.93,3264429.77,10539044.57,11940873.9,13529652.79
circular_plastic,17,33.6,2826706.97,3250467.2,10537513.95,12011905.81,13434867.91
circular_plastic,17,33.65,2825755.95,3250115.2,10469269.74,12017716.31,13441222.86
circular_plastic,17,33.7,2829361.52,3270283.13,10526847.71,11933313.57,13532922.05
circular_plastic,17,33.75,2812018.23,3265843.04,10533574.19,11929791.87,13517098.89
circular_plastic,17,33.8,2811520.45,3268438.94,10528954.06,11937123.99,13524255.14
circular_plastic,17,33.85,2813151.33,3247077.82,10472380.21,12002547.88,13431384.51
circular_plastic,17,33.9,2811305.01,3245800.57,10536018.52,11927918.4,13530310.39
circular_plastic,17,33.95,2809960.3,3250420.68,10524238.56,11938618.69,13443666.77
circular_plastic,18,34.0,2814343.82,3269398.0,10411476.36,12080658.41,13464488.15
circular_plastic,18,34.05,2794528.02,3285523.67,10478504.43,12022943.51,13376729.93
circular_plastic,18,34.1,2815112.53,3266228.38,10475203.24,12022549.88,13388652.52
circular_plastic,18,34.15,2814861.75,3267708.84,10479057.57,12080487.84,13362873.37
circular_plastic,18,34.2,2813184.88,3265552.63,10410346.26,12081961.0,13370494.83
circular_plastic,18,34.25,2810373.6,3290059.32,10401408.36,12021949.02,13387937.01
circular_plastic,18,34.3,2811921.19,3286913.89,10482578.79,12009849.45,13457381.73
circular_plastic,18,34.35,2795408.33,3286790.56,10473553.38,12023959.4,13386510.32
circular_plastic,18,34.4,2811480.44,3265916.77,10419196.7,12021393.41,13455803.86
circular_plastic,18,34.45,2797184.34,3288126.26,10473220.55,12016791.01,13377909.76
circular_plastic,18,34.5,2812753.63,3284035.66,10475338.86,12087984.91,13467673.53
circular_plastic,18,34.55,2796394.1,3266590.71,10413454.96,12081652.49,13366428.8
circular_plastic,18,34.6,2810359.35,3265104.01,10418868.64,12019078.55,13448911.74
circular_plastic,18,34.65,2809759.54,3268249.14,10463741.64,12088835.39,13366024.28
circular_plastic,18,34.7,2810787.75,3288618.33,10411260.69,12009507.25,13445089.21
circular_plastic,18,34.75,2797029.49,3270377.93,10404959.45,12023786.68,13453518.84
circular_plastic,18,34.8,2796511.63,3267211.12,10420636.4,12022161.19,13374900.35
circular_plastic,18,34.85,2811116.49,3289967.45,10406792.55,12082545.84,13375388.49
circular_plastic,18,34.9,2794888.31,3264679.0,10414938.93,12082034.88,13366745.24
circular_plastic,18,34.95,2809715.21,3284749.89,10478474.7,12075968.37,13370888.71
circular_plastic,18,35.0,2813096.81,3266327.74,10416041.01,12021528.54,13371991.43
circular_plastic,18,35.05,2792777.83,3267449.0,10417242.31,12078819.78,13461002.42
circular_plastic,18,35.1,2794330.98,3268480.32,10409063.65,12089618.26,13366861.51
circular_plastic,18,35.15,2797221.59,3287514.68,10475335.31,12091094.32,13388785.6
circular_plastic,18,35.2,2797721.66,3266423.39,10465500.93,12097040.75,13446080.73
circular_plastic,18,35.25,2811475.17,3265084.24,10401211.11,12096771.25,13383575.45
circular_plastic,18,35.3,2810246.62,3285561.49,10403450.11,12082770.01,13363971.67
circular_plastic,18,35.35,2795555.73,3285002.49,10474070.64,12015151.47,13464945.6
circular_plastic,18,35.4,2794145.3,3266772.63,10402037.48,12005064.8,13378231.99
circular_plastic,18,35.45,2814778.25,3287837.28,10417964.22,12003477.29,13369843.73
circular_plastic,18,35.5,2812779.15,3290114.19,10418730.59,12017457.85,13457073.94
circular_plastic,18,35.55,2794850.02,3267716.85,10478158.7,12022182.51,13456456.08
circular_plastic,18,35.6,2809859.08,3286581.89,10405391.13,12014938.36,13372116.32
circular_plastic,18,35.65,2793880.23,3286269.58,10416439.4,12015392.9,13445801.38
circular_plastic,18,35.7,2794054.72,3266193.84,10479196.12,12003688.31,13460689.64
circular_plastic,18,35.75,2814111.72,3285923.21,10466420.19,12097106.76,13453077.8
circular_plastic,18,35.8,2811614.3,3286373.35,10468734.24,12095745.73,13455382.92
circular_plastic,18,35.85,2813466.56,3269904.48,10414564.83,12075830.77,13442882.46
circular_plastic,18,35.9,2794988.95,3264758.48,10480648.99,12096484.57,13458772.44
circular_plastic,18,35.95,2813647.11,3285912.76,10483051.89,12006911.47,13455365.78
circular_plastic,19,36.0,2825816.71,3253643.04,10459584.92,12023864.84,13433367.57
circular_plastic,19,36.05,2809659.15,3273811.97,10460463.66,12100396.26,13353171.54
circular_plastic,19,36.1,2810142.95,3276043.16,10528734.06,12090386.6,13349003.22
circular_plastic,19,36.15,2824743.45,3252680.12,10528115.92,12039679.62,13359180.52
circular_plastic,19,36.2,2810749.95,3275976.82,10540913.31,12035583.23,13429698.46
circular_plastic,19,36.25,2827349.98,3274927.27,10535778.3,12113371.93,13441211.08
circular_plastic,19,36.3,2806367.81,3273521.11,10526542.41,12040845.89,13370567.41
circular_plastic,19,36.35,2806778.07,3250136.46,10460951.12,12096993.86,13446104.43
circular_plastic,19,36.4,2806426.07,3255985.74,10525989.77,12040917.15,13370875.68
circular_plastic,19,36.45,2823082.27,3251771.59,10533245.07,12109043.81,13350348.37
circular_plastic,19,36.5,2810262.4,3253766.11,10539673.19,12018136.34,13359360.13
circular_plastic,19,36.55,2806767.82,3254117.8,10468563.56,12105689.33,13437315.18
circular_plastic,19,36.6,2825283.21,3253680.25,10534996.42,12019255.71,13365020.79
circular_plastic,19,36.65,2809848.38,3254271.98,10471916.6,12037362.36,13428530.04
circular_plastic,19,36.7,2827127.27,3250856.06,10472202.89,12106188.74,13445179.35
circular_plastic,19,36.75,2827801.43,3271305.96,10524536.71,12024563.8,13451559.29
circular_plastic,19,36.8,2807560.71,3271350.35,10539875.44,12100953.58,13448436.16
circular_plastic,19,36.85,2805819.83,3253302.58,10478162.53,12022777.12,13447812.15
circular_plastic,19,36.9,2825467.39,3253573.57,10538176.71,12026732.87,13438681.97
circular_plastic,19,36.95,2810945.97,3255631.18,10476741.78,12023523.68,13449291.43
circular_plastic,19,37.0,2826755.12,3255388.33,10473000.78,12031229.76,13364016.28
circular_plastic,19,37.05,2806233.43,3255252.65,10469526.92,12104210.04,13432973.26
circular_plastic,19,37.1,2808153.36,3274796.75,10467658.67,12091285.72,13351283.56
circular_plastic,19,37.15,2827908.56,3251825.41,10529679.69,12037882.52,13440744.08
circular_plastic,19,37.2,2825285.47,3252809.18,10522871.79,12101535.29,13350009.2
circular_plastic,19,37.25,2826109.29,3270441.29,10478337.13,12109880.64,13374505.04
circular_plastic,19,37.3,2825347.87,3251804.13,10470868.95,12031189.49,13442846.23
circular_plastic,19,37.35,2807759.4,3274831.81,10471100.2,12108209.73,13357094.49
circular_plastic,19,37.4,2807428.89,3269836.14,10465887.57,12032316.71,13359171.21
circular_plastic,19,37.45,2808223.45,3254706.18,10464950.63,12041105.36,13355165.74
circular_plastic,19,37.5,2826284.66,3252894.36,10528134.34,12017865.69,13370703.84
circular_plastic,19,37.55,2809754.17,3253103.52,10531444.44,12099873.04,13364080.11
circular_plastic,19,37.6,2824404.42,3272539.64,10471116.17,12098667.66,13436165.35
circular_plastic,19,37.65,2808437.84,3274763.15,10461997.34,12107536.32,13363493.18
circular_plastic,19,37.7,2824254.16,3252277.91,10540748.54,12040304.69,13368496.49
circular_plastic,19,37.75,2827344.34,3251597.82,10478278.03,12017573.9,13428939.61
circular_plastic,19,37.8,2805893.4,3251774.9,10539294.79,12101424.81,13446479.32
circular_plastic,19,37.85,2811137.79,3269765.43,10472210.85,12102502.24,13452727.17
circular_plastic,19,37.9,2823122.54,3272085.23,10478419.56,12017432.36,13435686.83
circular_plastic,19,37.95,2809136.28,3254707.29,10541303.16,12037005.11,13435956.68
circular_plastic,20,38.0,2829235.58,3269263.69,10471909.01,11934298.14,13380300.12
circular_plastic,20,38.05,2828475.62,3268992.96,10412275.59,11929358.02,13384401.46
circular_plastic,20,38.1,2811638.25,3268316.48,10481074.04,12007443.98,13450569.75
circular_plastic,20,38.15,2810589.73,3268560.71,10472202.58,11930830.85,13454971.37
circular_plastic,20,38.2,2814950.99,3250053.68,10408102.3,12001631.48,13371090.46
circular_plastic,20,38.25,2828280.1,3250573.55,10411561.33,11999908.09,13381687.79
circular_plastic,20,38.3,2831549.68,3266925.81,10470784.41,12011304.96,13363485.2
circular_plastic,20,38.35,2809909.08,3267019.74,10411168.37,11945713.77,13359374.01
circular_plastic,20,38.4,2812746.47,3252537.36,10488048.4,12009114.64,13460491.0
circular_plastic,20,38.45,2828937.14,3252705.7,10412763.25,11940251.36,13454361.45
circular_plastic,20,38.5,2826385.91,3272178.65,10419181.87,11925655.53,13365137.64
circular_plastic,20,38.55,2812996.42,3270083.54,10486816.28,11936459.12,13445472.37
circular_plastic,20,38.6,2814903.37,3246923.56,10417077.94,12001862.87,13380779.85
circular_plastic,20,38.65,2828239.46,3247013.56,10422449.38,11940052.04,13459297.95
circular_plastic,20,38.7,2830013.67,3272204.61,10417551.77,11998338.44,13465234.24
circular_plastic,20,38.75,2811246.73,3271119.29,10409724.25,12005422.51,13359476.95
circular_plastic,20,38.8,2812920.08,3269739.25,10486760.74,11997270.45,13447620.16
circular_plastic,20,38.85,2811702.62,3250855.14,10481652.41,12013414.59,13460108.2
circular_plastic,20,38.9,2814292.31,3246514.21,10416783.43,11942105.63,13447952.61
circular_plastic,20,38.95,2812716.57,3266297.75,10408349.77,11931129.76,13369777.98
circular_plastic,20,39.0,2830359.79,3267046.21,10488089.0,11926903.58,13374676.83
circular_plastic,20,39.05,2812838.42,3248309.69,10480762.61,12013270.88,13362472.2
circular_plastic,20,39.1,2831573.46,3246677.62,10481402.73,11946266.56,13454538.22
circular_plastic,20,39.15,2827470.02,3268793.06,10476502.51,11998887.41,13368753.25
circular_plastic,20,39.2,2813992.15,3270517.48,10473045.82,12010224.98,13384814.17
circular_plastic,20,39.25,2830995.83,3266252.45,10425696.12,11927935.46,13375299.7
circular_plastic,20,39.3,2811256.84,3268902.07,10409826.72,12010072.32,13383434.51
circular_plastic,20,39.35,2827762.5,3251499.01,10413551.87,12017182.25,13364013.33
circular_plastic,20,39.4,2812523.28,3249051.97,10472504.55,12014895.71,13361117.95
circular_plastic,20,39.45,2814970.45,3248024.81,10481869.5,11999294.55,13460022.67
circular_plastic,20,39.5,2828125.32,3251333.5,10419735.92,11940295.41,13358709.54
circular_plastic,20,39.55,2811853.31,3267096.02,10483481.3,11926460.18,13455875.11
circular_plastic,20,39.6,2814561.42,3248663.8,10486988.29,11947987.82,13370247.08
circular_plastic,20,39.65,2809714.29,3249182.01,10479579.72,12007144.96,13462686.39
circular_plastic,20,39.7,2813615.6,3270520.14,10422846.11,11927919.63,13361306.97
circular_plastic,20,39.75,2828178.49,3270433.81,10420315.96,12000409.25,13447968.34
circular_plastic,20,39.8,2830778.62,3247574.23,10468213.74,12001643.83,13457119.76
circular_plastic,20,39.85,2829243.05,3266263.18,10479041.42,11938063.55,13464832.08
circular_plastic,20,39.9,2826729.67,3247546.27,10481968.85,11939731.66,13368129.73
circular_plastic,20,39.95,2809427.18,3270042.11,10410450.43,11930804.07,13372443.18
circular_plastic,21,40.0,2829861.92,3273702.16,10461361.16,12080092.16,13525330.75
circular_plastic,21,40.05,2830239.71,3290858.15,10471885.76,12021104.56,13443419.31
circular_plastic,21,40.1,2811312.43,3274942.04,10455049.44,12008530.22,13514520.87
circular_plastic,21,40.15,2829900.06,3290607.88,10394940.64,12090144.86,13439072.75
circular_plastic,21,40.2,2829094.99,3295078.29,10454872.42,12018262.42,13535526.95
circular_plastic,21,40.25,2809841.46,3290722.97,10405155.79,12017835.52,13523441.19
circular_plastic,21,40.3,2829531.6,3275982.11,10466663.67,12012913.7,13517859.92
circular_plastic,21,40.35,2827561.77,3275755.51,10467296.94,12092938.19,13450328.25
circular_plastic,21,40.4,2810659.75,3271269.11,10458194.68,12074357.82,13437779.94
circular_plastic,21,40.45,2813672.18,3292194.39,10398345.48,12009530.32,13449787.83
circular_plastic,21,40.5,2812224.88,3289890.93,10404715.85,12075097.7,13528215.2
circular_plastic,21,40.55,2811714.0,3291329.78,10466715.45,12015681.03,13530061.53
circular_plastic,21,40.6,2829095.74,3274077.42,10409662.38,12021630.21,13537460.95
circular_plastic,21,40.65,2811532.08,3295602.18,10404141.53,12079248.73,13440836.93
circular_plastic,21,40.7,2811659.77,3292246.48,10404738.06,12074511.79,13443830.97
circular_plastic,21,40.75,2830342.85,3274115.78,10463781.22,12089991.63,13520423.87
circular_plastic,21,40.8,2811504.13,3271033.63,10473519.53,12072437.52,13519941.83
circular_plastic,21,40.85,2814022.14,3275079.6,10408854.72,12013861.16,13448908.62
circular_plastic,21,40.9,2813624.07,3271591.62,10398531.91,12078862.65,13518474.58
circular_plastic,21,40.95,2814490.78,3274233.31,10464307.29,12002537.99,13433213.38
circular_plastic,21,41.0,2831049.91,3292719.42,10403092.43,12014348.35,13434944.41
circular_plastic,21,41.05,2830630.02,3271347.95,10408329.61,12014925.97,13439238.04
circular_plastic,21,41.1,2829284.55,3270388.95,10470791.91,12018208.23,13437571.05
circular_plastic,21,41.15,2827028.34,3273606.91,10401149.99,12018371.59,13519337.45
circular_plastic,21,41.2,2811008.53,3293842.5,10456914.58,12089823.74,13432459.63
circular_plastic,21,41.25,2826795.25,3273258.84,10457375.87,12084354.29,13442895.86
circular_plastic,21,41.3,2830501.91,3275924.01,10454752.75,12089708.82,13453586.82
circular_plastic,21,41.35,2809591.81,3272135.74,10469770.52,12001712.61,13431726.09
circular_plastic,21,41.4,2813087.83,3289785.28,10399407.28,12017011.71,13443841.32
circular_plastic,21,41.45,2809850.47,3294373.08,10462263.94,12018300.9,13513802.84
circular_plastic,21,41.5,2828060.28,3274040.94,10408233.98,12094677.19,13529272.7
circular_plastic,21,41.55,2813549.79,3275878.49,10464635.44,12017530.77,13449551.25
circular_plastic,21,41.6,2828035.51,3295124.2,10395065.69,11999521.24,13520456.14
circular_plastic,21,41.65,2830373.32,3291519.38,10455244.37,12023029.87,13455635.91
circular_plastic,21,41.7,2830151.6,3270014.5,10456917.06,12092803.55,13442136.82
circular_plastic,21,41.75,2827732.78,3271601.36,10465379.93,12087684.79,13528258.62
circular_plastic,21,41.8,2829180.23,3294465.13,10460834.48,12010995.86,13448875.42
circular_plastic,21,41.85,2831475.8,3291113.9,10460035.68,11999941.23,13451312.79
circular_plastic,21,41.9,2826676.17,3291336.86,10406775.94,12072168.3,13529967.64
circular_plastic,21,41.95,2831463.45,3295515.93,10474179.72,12015051.77,13452571.28
circular_plastic,22,42.0,2813001.86,3247051.18,10471254.94,12013588.58,13523967.48
circular_plastic,22,42.05,2809970.14,3265230.48,10470567.23,11951742.4,13525816.94
circular_plastic,22,42.1,2813330.65,3267840.99,10470839.0,12015071.47,13454867.88
circular_plastic,22,42.15,2811979.73,3249033.86,10462327.97,11933504.17,13526429.33
circular_plastic,22,42.2,2793453.25,3269040.86,10459546.85,12008220.07,13539714.33
circular_plastic,22,42.25,2793444.73,3245461.75,10537806.6,11938908.77,13457725.67
circular_plastic,22,42.3,2793359.74,3267919.44,10526663.36,11934136.23,13524648.62
circular_plastic,22,42.35,2795824.64,3249316.57,10529236.87,11934451.16,13538757.77
circular_plastic,22,42.4,2795468.7,3269948.42,10537298.45,11941835.58,13463211.61
circular_plastic,22,42.45,2795564.49,3266735.9,10537325.88,11941497.79,13443560.78
circular_plastic,22,42.5,2809215.9,3249734.89,10539509.8,12019403.23,13521596.54
circular_plastic,22,42.55,2792378.41,3247526.01,10469446.15,11948588.96,13455203.05
circular_plastic,22,42.6,2809419.9,3268613.43,10457094.14,11941532.9,13525679.25
circular_plastic,22,42.65,2810340.99,3249234.88,10536504.28,12004213.06,13439247.19
circular_plastic,22,42.7,2814399.21,3269291.9,10538648.21,12024225.93,13462507.94
circular_plastic,22,42.75,2796416.71,3265595.22,10522338.28,12016255.12,13533263.56
circular_plastic,22,42.8,2810040.7,3265825.04,10477071.19,11934887.31,13463075.84
circular_plastic,22,42.85,2810359.39,3270707.18,10464733.03,12024489.68,13459108.91
circular_plastic,22,42.9,2794608.43,3249326.89,10537693.96,12023321.31,13521006.05
circular_plastic,22,42.95,2812874.84,3245693.33,10465942.6,11936929.99,13523837.28
circular_plastic,22,43.0,2813288.53,3247478.57,10460460.57,11939709.28,13459430.82
circular_plastic,22,43.05,2796934.14,3251415.92,10535108.56,12025074.27,13540952.13
circular_plastic,22,43.1,2812762.84,3265961.68,10528861.24,11939701.24,13539532.16
circular_plastic,22,43.15,2814014.97,3271151.21,10467281.52,12011949.35,13456263.48
circular_plastic,22,43.2,2792625.93,3247170.21,10457285.47,11940888.91,13459118.71
circular_plastic,22,43.25,2795603.95,3267718.49,10531174.66,11935096.22,13456286.82
circular_plastic,22,43.3,2809760.04,3250019.69,10472315.55,12025992.82,13529254.58
circular_plastic,22,43.35,2812241.86,3249232.58,10472627.13,11931268.31,13448851.54
circular_plastic,22,43.4,2809833.88,3267519.63,10533513.7,11949309.92,13454816.63
circular_plastic,22,43.45,2797126.93,3270429.44,10459082.39,11938153.92,13533277.44
circular_plastic,22,43.5,2809430.88,3249617.56,10519735.06,11953214.82,13449129.96
circular_plastic,22,43.55,2792717.4,3265990.02,10522994.08,12022625.7,13535551.14
circular_plastic,22,43.6,2792993.8,3266457.46,10532017.05,12021382.37,13524971.85
circular_plastic,22,43.65,2814526.83,3271367.81,10470393.56,11949603.42,13522698.88
circular_plastic,22,43.7,2796499.8,3267901.42,10456901.69,11937312.21,13525008.75
circular_plastic,22,43.75,2813571.92,3269618.03,10476924.25,12019912.85,13463004.51
circular_plastic,22,43.8,2811847.7,3247132.89,10475620.79,11949661.23,13444702.65
circular_plastic,22,43.85,2814148.09,3270582.58,10531532.11,12003637.24,13456564.61
circular_plastic,22,43.9,2811460.36,3250362.99,10458226.17,11951246.57,13537745.04
circular_plastic,22,43.95,2811231.46,3246712.41,10463740.51,11951237.39,13537170.06
circular_plastic,23,44.0,2810498.09,3267790.85,10418435.44,12028428.42,13439563.79
circular_plastic,23,44.05,2810025.22,3268007.73,10408770.41,12091140.58,13534634.03
circular_plastic,23,44.1,2810694.49,3270744.56,10474772.43,12097819.35,13514971.16
circular_plastic,23,44.15,2791888.85,3289741.28,10467006.96,12021943.35,13444797.8
circular_plastic,23,44.2,2811027.45,3291304.91,10417661.74,12015253.68,13429974.33
circular_plastic,23,44.25,2790686.65,3292220.82,10409468.88,12023257.62,13454345.11
circular_plastic,23,44.3,2793190.82,3271813.28,10473705.04,12013056.5,13525816.86
circular_plastic,23,44.35,2809520.26,3287859.04,10408551.41,12095003.59,13445739.55
circular_plastic,23,44.4,2791836.19,3289656.68,10474088.25,12009228.46,13511506.95
circular_plastic,23,44.45,2789093.98,3268990.81,10471382.26,12017150.87,13442814.28
circular_plastic,23,44.5,2791690.57,3287588.16,10416481.14,12101875.19,13453792.57
circular_plastic,23,44.55,2806712.19,3286880.12,10471444.04,12015507.96,13509505.45
circular_plastic,23,44.6,2809880.37,3291031.19,10400473.63,12014833.68,13524990.4
circular_plastic,23,44.65,2794290.36,3271975.8,10413343.32,12101514.47,13445894.53
circular_plastic,23,44.7,2792998.31,3266912.09,10473925.19,12029735.84,13515680.62
circular_plastic,23,44.75,2809881.0,3268371.95,10480377.38,12096206.13,13513910.33
circular_plastic,23,44.8,2793087.22,3291044.39,10470486.53,12095273.86,13450885.77
circular_plastic,23,44.85,2810040.69,3292189.75,10414149.99,12019400.33,13437658.81
circular_plastic,23,44.9,2810893.42,3289342.04,10463948.77,12094967.62,13429958.12
circular_plastic,23,44.95,2794096.87,3291609.01,10465099.72,12012050.96,13512437.42
circular_plastic,23,45.0,2809250.93,3271651.76,10470686.88,12090975.1,13432489.95
circular_plastic,23,45.05,2789027.33,3292180.92,10473138.35,12028348.22,13429406.05
circular_plastic,23,45.1,2805671.33,3268254.85,10407444.02,12080768.91,13435298.79
circular_plastic,23,45.15,2789611.07,3272320.2,10479336.06,12009373.28,13441914.47
circular_plastic,23,45.2,2793736.81,3271392.95,10481254.09,12101045.4,13532870.15
circular_plastic,23,45.25,2792112.13,3288476.74,10400641.52,12024104.86,13453749.66
circular_plastic,23,45.3,2791663.57,3270109.63,10473878.76,12086171.35,13526128.05
circular_plastic,23,45.35,2792724.2,3287912.85,10407299.39,12031144.32,13518512.9
circular_plastic,23,45.4,2807446.3,3289174.94,10418623.27,12031093.89,13515009.36
circular_plastic,23,45.45,2793818.5,3270150.92,10403482.8,12096873.29,13530911.07
circular_plastic,23,45.5,2790757.5,3270286.0,10463064.5,12103100.33,13433988.18
circular_plastic,23,45.55,2789109.2,3289363.55,10475482.17,12083237.29,13431130.18
circular_plastic,23,45.6,2790648.16,3286935.67,10411473.93,12087277.51,13436795.32
circular_plastic,23,45.65,2793238.69,3272476.7,10415944.13,12026483.14,13531010.15
circular_plastic,23,45.7,2789384.58,3269555.69,10463350.38,12090653.96,13442221.09
circular_plastic,23,45.75,2806556.61,3288109.25,10470898.26,12010414.11,13517833.85
circular_plastic,23,45.8,2790972.1,3291359.15,10468334.46,12093433.68,13446956.11
circular_plastic,23,45.85,2790686.74,3267030.95,10405785.22,12016442.98,13511066.75
circular_plastic,23,45.9,2806658.26,3268561.77,10477005.39,12094292.49,13530102.04
circular_plastic,23,45.95,2793263.88,3286788.52,10461549.12,12021789.09,13444774.69
circular_plastic,24,46.0,2823189.47,3271370.88,10477692.45,11948898.31,13450536.41
circular_plastic,24,46.05,2806763.44,3270893.56,10541613.72,12031383.05,13431576.43
circular_plastic,24,46.1,2827423.29,3254434.35,10479880.97,11949018.41,13349330.31
circular_plastic,24,46.15,2806960.32,3271461.55,10477215.91,12017437.37,13362704.22
circular_plastic,24,46.2,2805946.18,3273637.08,10475305.78,11954213.4,13362768.33
circular_plastic,24,46.25,2809809.29,3253527.3,10533772.98,11956161.49,13446858.4
circular_plastic,24,46.3,2806583.97,3250466.05,10549388.68,12015813.2,13347327.76
circular_plastic,24,46.35,2808286.94,3273330.99,10537771.01,11958047.05,13346138.51
circular_plastic,24,46.4,2808300.31,3268750.75,10550113.08,12013998.47,13434387.74
circular_plastic,24,46.45,2825825.33,3271874.29,10542438.0,12023636.11,13436250.37
circular_plastic,24,46.5,2809833.57,3250415.36,10542671.28,12015125.55,13367191.6
circular_plastic,24,46.55,2823666.64,3252635.4,10541391.71,11942650.24,13434461.07
circular_plastic,24,46.6,2807568.47,3253668.29,10484622.27,11952337.87,13424815.9
circular_plastic,24,46.65,2826849.37,3268882.57,10544242.05,12018398.46,13351678.24
circular_plastic,24,46.7,2822869.37,3273493.19,10483937.46,12027798.72,13430823.67
circular_plastic,24,46.75,2811030.56,3272812.91,10477630.12,12018297.67,13350249.23
circular_plastic,24,46.8,2805439.93,3269333.21,10540931.8,11943804.13,13358448.16
circular_plastic,24,46.85,2827826.42,3249275.41,10548361.95,12012426.89,13356537.77
circular_plastic,24,46.9,2827684.99,3255412.04,10472676.09,12020769.53,13353531.99
circular_plastic,24,46.95,2808995.84,3255146.46,10540555.1,11962719.49,13450046.05
circular_plastic,24,47.0,2806161.33,3272669.64,10470388.86,11943796.29,13345154.89
circular_plastic,24,47.05,2806993.97,3270652.23,10470232.05,12013843.28,13434167.01
circular_plastic,24,47.1,2807562.28,3255100.91,10482117.79,12014358.25,13433688.67
circular_plastic,24,47.15,2809224.6,3271112.79,10552572.56,11961490.69,13358989.78
circular_plastic,24,47.2,2807574.63,3254050.0,10535792.55,11946024.55,13353973.25
circular_plastic,24,47.25,2805774.03,3249573.62,10536164.61,11953611.16,13346363.46
circular_plastic,24,47.3,2825364.76,3273185.89,10550096.36,11946772.75,13345076.9
circular_plastic,24,47.35,2807372.08,3251183.52,10469329.92,12024944.85,13448269.11
circular_plastic,24,47.4,2810029.22,3268777.86,10540559.06,11961302.23,13349311.03
circular_plastic,24,47.45,2807427.39,3273953.56,10484510.08,12028027.63,13357772.85
circular_plastic,24,47.5,2806030.82,3251215.67,10551983.5,12024671.85,13440449.5
circular_plastic,24,47.55,2809895.97,3271737.86,10485511.79,11947246.94,13437164.54
circular_plastic,24,47.6,2809751.28,3253304.54,10548876.71,12025889.39,13349202.44
circular_plastic,24,47.65,2825053.27,3254859.3,10473598.97,11940406.96,13359602.73
circular_plastic,24,47.7,2823917.74,3271119.78,10543296.3,11954692.02,13446488.14
circular_plastic,24,47.75,2805839.96,3251198.38,10537303.11,11951635.46,13368480.79
circular_plastic,24,47.8,2810490.37,3253560.15,10475418.34,11955973.46,13352788.77
circular_plastic,24,47.85,2805858.17,3274752.4,10542454.75,12022154.74,13369494.95
circular_plastic,24,47.9,2805941.48,3251660.72,10475183.6,12022534.72,13356957.17
circular_plastic,24,47.95,2806075.96,3273752.13,10482434.37,11941962.58,13435499.79
circular_plastic,25,48.0,2830456.31,3249114.56,10411814.83,11946275.01,13460217.08
circular_plastic,25,48.05,2812097.72,3253407.19,10403045.76,12023938.45,13459596.23
circular_plastic,25,48.1,2830704.65,3272311.38,10467316.3,11947820.68,13535253.97
circular_plastic,25,48.15,2829898.58,3249884.2,10463035.66,11958716.2,13461535.66
circular_plastic,25,48.2,2814319.7,3268660.24,10470057.16,12029932.99,13456900.52
circular_plastic,25,48.25,2826182.76,3250341.76,10462249.99,11966735.49,13538068.28
circular_plastic,25,48.3,2809313.33,3269338.36,10401564.17,11959574.44,13526763.23
circular_plastic,25,48.35,2811389.57,3273432.45,10407889.62,11952246.54,13522207.81
circular_plastic,25,48.4,2812947.72,3269158.93,10410024.81,12026387.31,13534936.18
circular_plastic,25,48.45,2828786.46,3249777.1,10478605.79,12040359.64,13532157.42
circular_plastic,25,48.5,2827332.09,3248741.72,10401708.07,12024918.32,13535427.93
circular_plastic,25,48.55,2809279.72,3270083.81,10479489.25,11963129.22,13439668.88
circular_plastic,25,48.6,2831147.48,3273752.58,10416470.84,12025148.07,13444812.11
circular_plastic,25,48.65,2809502.38,3253444.72,10461354.87,11953385.64,13453822.69
circular_plastic,25,48.7,2827102.68,3249718.9,10400586.69,12031605.93,13458592.64
circular_plastic,25,48.75,2831482.73,3248611.64,10481326.83,11963331.31,13524960.44
circular_plastic,25,48.8,2810187.68,3248566.87,10471303.29,12018368.72,13455375.23
circular_plastic,25,48.85,2810414.33,3253692.81,10473610.16,11964730.87,13438968.65
circular_plastic,25,48.9,2830640.02,3250709.82,10405758.01,11967997.42,13440236.67
circular_plastic,25,48.95,2826348.24,3248939.67,10399655.71,11970004.6,13462053.68
circular_plastic,25,49.0,2812948.36,3250417.3,10476853.11,11948466.08,13540932.44
circular_plastic,25,49.05,2810383.95,3271580.94,10412374.1,11963948.45,13542054.78
circular_plastic,25,49.1,2813358.47,3251280.3,10471077.56,11955444.45,13444739.37
circular_plastic,25,49.15,2826969.21,3252699.18,10465802.35,12018808.95,13536908.67
circular_plastic,25,49.2,2831556.53,3268650.46,10414064.81,12026462.74,13438656.9
circular_plastic,25,49.25,2826769.44,3268294.1,10480637.15,12034472.65,13516597.87
circular_plastic,25,49.3,2829649.89,3270495.03,10410717.28,12024677.17,13460635.35
circular_plastic,25,49.35,2831458.57,3269059.73,10464404.03,11958367.03,13525276.98
circular_plastic,25,49.4,2812902.18,3254454.86,10418072.83,12030845.86,13462137.68
circular_plastic,25,49.45,2813667.93,3270426.07,10463414.97,11948784.16,13539789.49
circular_plastic,25,49.5,2810289.08,3250896.77,10407754.19,11964490.14,13522316.83
circular_plastic,25,49.55,2814611.3,3248618.75,10464163.21,11966590.69,13442687.45
circular_plastic,25,49.6,2826326.44,3250324.89,10467947.18,11964828.58,13538733.51
circular_plastic,25,49.65,2809681.28,3273997.95,10474951.97,11955040.35,13452110.51
circular_plastic,25,49.7,2813926.59,3250167.59,10407448.18,11967576.44,13531291.37
circular_plastic,25,49.75,2809504.13,3251706.38,10407387.92,11966816.14,13535225.23
circular_plastic,25,49.8,2829347.45,3251942.94,10468780.02,12036981.6,13441335.26
circular_plastic,25,49.85,2812246.16,3252754.49,10470274.35,12030720.24,13535199.27
circular_plastic,25,49.9,2830765.95,3249660.78,10473083.91,11953179.24,13458697.48
circular_plastic,25,49.95,2826390.23,3271986.98,10461108.05,12036407.9,13523898.95
circular_plastic,26,50.0,2812878.51,3265755.46,10545197.45,11949017.38,13445575.72
circular_plastic,26,50.05,2828748.8,3246715.08,10470674.89,12022890.35,13432206.75
circular_plastic,26,50.1,2811896.3,3269144.0,10540875.07,11951298.54,13443065.05
circular_plastic,26,50.15,2826658.14,3247121.27,10547406.87,12013631.99,13524086.32
circular_plastic,26,50.2,2828877.87,3246470.62,10482625.2,11963174.46,13517361.01
circular_plastic,26,50.25,2827159.45,3269721.14,10479982.59,11955715.75,13526825.41
circular_plastic,26,50.3,2832022.39,3246240.08,10472289.34,11951305.01,13457211.55
circular_plastic,26,50.35,2828592.13,3245693.92,10479616.16,11958380.4,13442624.08
circular_plastic,26,50.4,2814829.64,3265378.69,10470849.29,12033083.03,13530426.28
circular_plastic,26,50.45,2829891.93,3268226.26,10535760.1,11948889.13,13454074.27
circular_plastic,26,50.5,2830463.86,3266990.31,10472543.2,12022271.07,13524165.67
circular_plastic,26,50.55,2813620.72,3247684.11,10541791.41,11962672.2,13450697.6
circular_plastic,26,50.6,2829515.13,3270750.56,10541205.03,11956380.15,13453167.73
circular_plastic,26,50.65,2811841.24,3265543.52,10470793.39,12020387.27,13439109.63
circular_plastic,26,50.7,2815224.12,3246304.97,10531894.22,11943739.65,13537155.92
circular_plastic,26,50.75,2832127.21,3267538.04,10541836.56,12014989.89,13445760.84
circular_plastic,26,50.8,2810143.94,3266465.46,10549989.64,12015463.45,13454681.31
circular_plastic,26,50.85,2828865.54,3266054.4,10485617.47,11962427.63,13512226.41
circular_plastic,26,50.9,2830845.11,3247017.69,10482013.24,11951224.0,13455519.48
circular_plastic,26,50.95,2810410.7,3267845.43,10469659.7,12019322.39,13515850.87
circular_plastic,26,51.0,2811500.7,3265577.93,10481551.55,11948098.92,13514636.47
circular_plastic,26,51.05,2814588.97,3251834.11,10473589.0,11944830.79,13431601.95
circular_plastic,26,51.1,2811466.03,3265582.12,10475614.48,12032247.9,13512138.05
circular_plastic,26,51.15,2810189.31,3247023.8,10479253.68,12027856.18,13531155.03
circular_plastic,26,51.2,2813111.61,3270177.05,10548827.55,12018631.44,13537677.14
circular_plastic,26,51.25,2829145.2,3266104.43,10475652.31,12026824.71,13439537.75
circular_plastic,26,51.3,2827439.61,3266994.04,10541347.48,11959345.38,13445185.03
circular_plastic,26,51.35,2812058.26,3249405.67,10468013.96,11952866.35,13448522.31
circular_plastic,26,51.4,2811850.75,3247372.21,10550327.87,12027165.5,13444188.05
circular_plastic,26,51.45,2828986.22,3268115.29,10468708.87,12026486.09,13441124.17
circular_plastic,26,51.5,2829771.05,3269975.48,10481479.77,11955372.37,13445729.53
circular_plastic,26,51.55,2812807.77,3269485.33,10531194.67,11955912.44,13448131.59
circular_plastic,26,51.6,2829090.52,3246504.75,10544569.9,11942946.83,13449474.25
circular_plastic,26,51.65,2828386.27,3266206.29,10475836.73,12018187.89,13520375.13
circular_plastic,26,51.7,2828039.76,3247811.1,10473014.56,11958760.25,13528554.07
circular_plastic,26,51.75,2832109.72,3245788.8,10549262.11,12029624.52,13519249.22
circular_plastic,26,51.8,2813368.95,3249295.06,10467343.76,12013203.15,13435616.95
circular_plastic,26,51.85,2829158.05,3268824.43,10532717.53,12031890.92,13531167.28
circular_plastic,26,51.9,2831567.05,3268624.02,10471531.02,11956683.35,13535796.07
circular_plastic,26,51.95,2828733.77,3252039.41,10478440.31,12012177.74,13514452.34
circular_plastic,27,52.0,2811612.54,3293255.87,10485658.01,12092143.64,13448428.89
circular_plastic,27,52.05,2825133.65,3273575.05,10484147.08,12079689.74,13363820.4
circular_plastic,27,52.1,2810991.62,3291931.4,10541056.22,12094462.74,13451025.92
circular_plastic,27,52.15,2824637.93,3292052.2,10468336.85,12007402.2,13442179.39
circular_plastic,27,52.2,2826438.08,3291128.6,10472862.14,12014840.13,13355990.19
circular_plastic,27,52.25,2826133.88,3289256.16,10545875.07,12005754.87,13438273.85
circular_plastic,27,52.3,2826637.46,3273502.26,10531148.31,12088321.69,13433220.95
circular_plastic,27,52.35,2825705.18,3269888.76,10470640.0,12001404.03,13361298.56
circular_plastic,27,52.4,2808306.03,3293112.69,10536254.71,12072669.19,13432388.73
circular_plastic,27,52.45,2827310.9,3268456.31,10535651.3,12014232.02,13345064.16
circular_plastic,27,52.5,2824914.16,3271050.71,10533683.98,12087504.57,13346156.34
circular_plastic,27,52.55,2827495.12,3272686.17,10546777.01,12093191.68,13368912.94
circular_plastic,27,52.6,2806476.21,3288590.79,10479830.02,12084185.25,13350475.12
circular_plastic,27,52.65,2809881.16,3290221.44,10548517.25,12015318.96,13349042.61
circular_plastic,27,52.7,2809823.04,3292715.16,10547155.14,12091990.52,13425971.29
circular_plastic,27,52.75,2824716.28,3268631.93,10480912.67,12019471.77,13428195.95
circular_plastic,27,52.8,2811261.88,3289184.67,10479908.04,12078927.85,13437893.69
circular_plastic,27,52.85,2827884.0,3290820.71,10539177.88,12002410.93,13363895.16
circular_plastic,27,52.9,2810252.35,3290153.76,10474000.8,12021183.4,13449300.85
circular_plastic,27,52.95,2826089.18,3287296.34,10547315.45,12009813.43,13438031.05
circular_plastic,27,53.0,2826676.0,3292800.83,10470881.49,12003474.11,13429028.36
circular_plastic,27,53.05,2823983.37,3291011.7,10483349.34,12020191.68,13438970.66
circular_plastic,27,53.1,2808188.18,3271318.01,10536941.58,12003234.91,13432717.85
circular_plastic,27,53.15,2806896.84,3267952.29,10479853.13,12085513.6,13437112.58
circular_plastic,27,53.2,2811631.31,3273602.66,10483671.63,12019956.19,13449488.73
circular_plastic,27,53.25,2808350.65,3267207.59,10546434.21,12011750.93,13436459.51
circular_plastic,27,53.3,2806431.75,3269845.47,10540040.56,12013238.45,13352212.17
circular_plastic,27,53.35,2828433.54,3290346.05,10540096.72,12086203.54,13367720.79
circular_plastic,27,53.4,2807324.99,3292441.37,10541382.7,12088963.74,13432106.14
circular_plastic,27,53.45,2809704.04,3270797.89,10545899.8,12015520.54,13358784.53
circular_plastic,27,53.5,2827427.91,3289501.68,10537034.08,12077526.59,13433080.07
circular_plastic,27,53.55,2808655.23,3270191.69,10475515.28,12088217.51,13348032.59
circular_plastic,27,53.6,2811541.45,3268419.04,10540282.08,12088444.04,13445974.18
circular_plastic,27,53.65,2809654.63,3267436.1,10474920.71,12007063.19,13362665.97
circular_plastic,27,53.7,2826501.16,3267236.22,10472803.19,12088524.42,13451529.21
circular_plastic,27,53.75,2826007.91,3291379.01,10531258.53,12000975.92,13366707.1
circular_plastic,27,53.8,2825742.74,3291723.85,10546574.24,12013309.19,13349089.67
circular_plastic,27,53.85,2827700.11,3272325.49,10477699.52,12004350.73,13360558.37
circular_plastic,27,53.9,2807241.46,3291822.06,10473434.24,12012331.92,13432012.53
circular_plastic,27,53.95,2827359.18,3288525.22,10542816.54,12003054.75,13427507.8
circular_plastic,28,54.0,2826101.18,3292940.64,10478312.16,12091987.84,13377876.5
circular_plastic,28,54.05,2825373.02,3272637.89,10536791.53,12094388.04,13453587.24
circular_plastic,28,54.1,2806777.78,3268687.97,10534783.71,12084812.62,13462576.0
circular_plastic,28,54.15,2810135.93,3293082.08,10548334.51,12100448.96,13378551.44
circular_plastic,28,54.2,2805754.16,3290809.55,10483829.95,12089756.77,13449591.77
circular_plastic,28,54.25,2823094.16,3290093.76,10471274.23,12011934.66,13381459.95
circular_plastic,28,54.3,2824747.24,3271520.17,10483223.16,12096365.82,13368733.67
circular_plastic,28,54.35,2824003.57,3269366.7,10479830.8,12098829.19,13444858.66
circular_plastic,28,54.4,2826445.44,3268485.09,10550727.86,12031736.5,13365157.34
circular_plastic,28,54.45,2805900.86,3289503.3,10547837.27,12030673.28,13449961.61
circular_plastic,28,54.5,2825960.28,3291785.76,10537146.02,12029840.01,13382550.18
circular_plastic,28,54.55,2824247.67,3268286.5,10532160.1,12014877.94,13381698.06
circular_plastic,28,54.6,2822993.03,3270616.88,10483644.52,12014222.73,13465794.15
circular_plastic,28,54.65,2805309.56,3270766.98,10547563.96,12031947.59,13451674.6
circular_plastic,28,54.7,2808201.05,3270532.08,10482808.55,12097141.1,13389524.65
circular_plastic,28,54.75,2824517.95,3274145.58,10471618.52,12094485.42,13446328.79
circular_plastic,28,54.8,2826672.92,3291465.2,10470476.17,12012222.58,13375483.09
circular_plastic,28,54.85,2807050.5,3290069.29,10484359.14,12030513.56,13389512.89
circular_plastic,28,54.9,2823931.42,3289618.42,10480994.47,12027679.29,13469025.04
circular_plastic,28,54.95,2805400.06,3269813.37,10537866.98,12029540.38,13463703.1
circular_plastic,28,55.0,2824129.65,3269754.31,10482265.5,12102496.65,13470886.62
circular_plastic,28,55.05,2805344.93,3288112.6,10472991.65,12095124.7,13467593.96
circular_plastic,28,55.1,2823713.16,3290704.18,10485819.61,12031161.76,13454259.87
circular_plastic,28,55.15,2823895.26,3290783.46,10537786.66,12083004.92,13390665.35
circular_plastic,28,55.2,2807760.45,3292447.64,10546217.66,12011502.56,13449898.35
circular_plastic,28,55.25,2826160.52,3288245.19,10537634.13,12014002.96,13371603.97
circular_plastic,28,55.3,2807380.63,3270741.59,10476320.66,12029264.9,13366472.02
circular_plastic,28,55.35,2809657.28,3269954.41,10489798.57,12028463.54,13384850.02
circular_plastic,28,55.4,2825504.51,3287562.46,10542720.67,12087201.68,13454255.14
circular_plastic,28,55.45,2807313.45,3268326.96,10538327.37,12102483.06,13381776.27
circular_plastic,28,55.5,2823040.27,3291052.21,10489878.18,12030684.98,13455915.53
circular_plastic,28,55.55,2805322.81,3290334.97,10532923.63,12026837.35,13372527.47
circular_plastic,28,55.6,2806959.48,3291757.3,10481043.78,12031325.41,13383322.03
circular_plastic,28,55.65,2807464.7,3288107.26,10481226.26,12093329.14,13468367.17
circular_plastic,28,55.7,2808665.21,3268888.03,10477055.72,12085927.87,13470086.88
circular_plastic,28,55.75,2805924.81,3293011.92,10539083.07,12030051.73,13379342.36
circular_plastic,28,55.8,2823980.88,3292831.02,10475609.65,12104405.66,13378543.58
circular_plastic,28,55.85,2808022.13,3272417.86,10542487.64,12084488.16,13372045.28
circular_plastic,28,55.9,2825636.96,3290681.42,10545295.22,12012476.22,13455694.59
circular_plastic,28,55.95,2826861.2,3293435.68,10470298.23,12019971.67,13464086.4
circular_plastic,29,56.0,2795485.35,3268037.39,10422520.22,12007148.26,13384835.97
circular_plastic,29,56.05,2813549.45,3269242.13,10484443.3,11930097.96,13388805.83
circular_plastic,29,56.1,2809637.64,3266031.81,10482030.67,11928806.14,13375298.39
circular_plastic,29,56.15,2809748.37,3287482.07,10414634.38,12001998.79,13388775.57
circular_plastic,29,56.2,2795359.57,3265919.21,10417828.99,11948586.59,13459578.95
circular_plastic,29,56.25,2811315.51,3271003.55,10483474.02,11935647.4,13379619.08
circular_plastic,29,56.3,2792812.25,3288622.93,10471934.11,11943994.81,13454284.77
circular_plastic,29,56.35,2810870.39,3272155.48,10482387.21,12004098.27,13464878.56
circular_plastic,29,56.4,2813335.54,3288641.15,10477926.54,11950221.15,13394258.66
circular_plastic,29,56.45,2791524.31,3268709.03,10409666.32,11944568.71,13468824.52
circular_plastic,29,56.5,2810718.22,3286796.28,10412170.51,11946626.84,13387987.27
circular_plastic,29,56.55,2808420.31,3269760.06,10411211.8,12009396.49,13383004.96
circular_plastic,29,56.6,2796334.43,3266445.66,10415062.36,12019800.54,13378283.24
circular_plastic,29,56.65,2811672.28,3287561.45,10475574.07,11949575.94,13393692.27
circular_plastic,29,56.7,2794776.47,3288451.5,10481988.68,12016625.36,13463311.31
circular_plastic,29,56.75,2813274.73,3266765.18,10424528.7,11948650.36,13470531.63
circular_plastic,29,56.8,2808276.75,3267913.34,10485441.74,11931661.77,13466269.31
circular_plastic,29,56.85,2812376.93,3271785.42,10420538.24,11946686.26,13369269.95
circular_plastic,29,56.9,2809635.73,3265789.66,10488223.82,11927680.83,13467968.99
circular_plastic,29,56.95,2795759.27,3270647.64,10409536.51,12012413.48,13467502.63
circular_plastic,29,57.0,2793938.51,3286296.32,10414813.34,12012046.83,13386990.98
circular_plastic,29,57.05,2811595.4,3287163.75,10413025.38,12013117.81,13453157.73
circular_plastic,29,57.1,2796470.41,3287331.05,10480936.88,12009061.83,13472667.96
circular_plastic,29,57.15,2811714.7,3289343.2,10469161.91,11942030.82,13467999.27
circular_plastic,29,57.2,2808851.95,3288719.41,10412277.0,11942013.86,13455611.43
circular_plastic,29,57.25,2796103.74,3287337.24,10484580.11,11932773.0,13467271.29
circular_plastic,29,57.3,2812496.64,3267865.75,10469638.66,11944737.66,13471983.62
circular_plastic,29,57.35,2812240.93,3267676.93,10416404.9,12003887.8,13453909.15
circular_plastic,29,57.4,2808466.7,3267546.99,10473296.93,11936262.43,13460097.43
circular_plastic,29,57.45,2796466.67,3269620.05,10481426.27,11950967.09,13394731.71
circular_plastic,29,57.5,2791960.73,3286812.22,10405486.84,11941856.7,13454933.13
circular_plastic,29,57.55,2808616.74,3269346.08,10416700.32,11944207.29,13454456.4
circular_plastic,29,57.6,2813127.64,3288832.97,10481513.03,11936267.52,13385672.29
circular_plastic,29,57.65,2809256.58,3286222.17,10478290.3,12010250.12,13375649.67
circular_plastic,29,57.7,2793875.3,3285764.66,10474881.57,11931044.21,13391406.22
circular_plastic,29,57.75,2792335.95,3289563.26,10469458.29,12019103.67,13373888.28
circular_plastic,29,57.8,2810246.48,3289658.44,10409471.97,11929910.42,13464518.7
circular_plastic,29,57.85,2811305.84,3269136.14,10421700.14,12001226.0,13381404.71
circular_plastic,29,57.9,2809358.98,3291214.05,10469881.14,11941148.99,13380326.03
circular_plastic,29,57.95,2813337.33,3268522.45,10469973.48,12012584.62,13464733.65
circular_plastic,30,58.0,2808380.93,3266608.07,10547615.61,12027551.62,13362917.18
circular_plastic,30,58.05,2823384.72,3270056.84,10471565.74,11943686.97,13458025.34
circular_plastic,30,58.1,2809593.02,3264885.9,10480803.3,11957722.44,13362602.29
circular_plastic,30,58.15,2825156.94,3265981.15,10483256.94,12014730.09,13358658.12
circular_plastic,30,58.2,2810189.51,3266094.69,10548843.99,12036031.31,13370520.7
circular_plastic,30,58.25,2810365.58,3266548.02,10546720.21,11964976.64,13437698.39
circular_plastic,30,58.3,2808730.2,3268570.32,10477670.91,12014802.7,13464039.97
circular_plastic,30,58.35,2827416.79,3286818.33,10470001.69,12020974.17,13449064.65
circular_plastic,30,58.4,2823748.4,3284321.74,10481508.72,12038614.21,13455963.26
circular_plastic,30,58.45,2808879.21,3268064.6,10550574.15,11944063.04,13451147.45
circular_plastic,30,58.5,2826340.55,3288460.01,10469152.87,12020391.94,13369380.21
circular_plastic,30,58.55,2827130.45,3266058.3,10537156.69,11948375.82,13463938.9
circular_plastic,30,58.6,2827223.14,3289457.82,10466864.97,12021401.87,13357606.97
circular_plastic,30,58.65,2824748.66,3288197.89,10534384.02,12035665.62,13358443.49
circular_plastic,30,58.7,2825631.67,3289990.37,10550035.33,11949978.53,13447482.76
circular_plastic,30,58.75,2806715.24,3270147.14,10540394.55,11950198.54,13444627.59
circular_plastic,30,58.8,2823606.08,3268653.12,10545938.54,12022079.0,13448123.05
circular_plastic,30,58.85,2826514.83,3267299.44,10479696.75,11961158.91,13449184.03
circular_plastic,30,58.9,2810334.78,3267555.78,10475327.37,11963405.53,13463559.77
circular_plastic,30,58.95,2824390.41,3269228.93,10486785.27,11963363.08,13378678.54
circular_plastic,30,59.0,2823589.3,3265878.66,10486013.42,12037479.88,13454774.16
circular_plastic,30,59.05,2810050.75,3267618.61,10475545.27,11952448.82,13441992.72
circular_plastic,30,59.1,2810546.53,3267005.25,10542193.12,12024427.53,13441325.47
circular_plastic,30,59.15,2809821.12,3284515.56,10547554.04,11957936.43,13456336.01
circular_plastic,30,59.2,2810624.67,3266799.98,10543921.15,12025742.47,13438753.93
circular_plastic,30,59.25,2810216.5,3286536.24,10479976.29,11961529.28,13361556.74
circular_plastic,30,59.3,2807992.2,3269071.12,10535395.45,12020692.35,13447461.85
circular_plastic,30,59.35,2805947.95,3285808.12,10538278.79,12026865.21,13438402.96
circular_plastic,30,59.4,2808603.9,3287923.53,10547550.29,11959374.81,13380321.81
circular_plastic,30,59.45,2810140.88,3286960.21,10540397.0,11960646.33,13377981.26
circular_plastic,30,59.5,2824212.46,3287951.39,10478914.15,11952136.18,13367370.67
circular_plastic,30,59.55,2807522.91,3284574.59,10546506.19,12032662.3,13366912.72
circular_plastic,30,59.6,2810864.93,3289059.67,10467083.6,12023459.47,13378959.29
circular_plastic,30,59.65,2822455.54,3266781.58,10542259.75,12027720.15,13359089.1
circular_plastic,30,59.7,2823997.92,3287291.83,10540779.6,12037503.22,13370410.09
circular_plastic,30,59.75,2807597.79,3288365.63,10538215.68,11948923.68,13371197.16
circular_plastic,30,59.8,2807388.67,3288666.27,10477880.37,12024112.83,13381347.94
circular_plastic,30,59.85,2810681.18,3269677.22,10535623.38,12019684.95,13457077.45
circular_plastic,30,59.9,2808564.5,3269916.26,10471484.1,12035114.72,13446682.49
circular_plastic,30,59.95,2824504.25,3286312.88,10532563.22,12033507.07,13368970.9
